cluster_id,title,price,reference_price,discount,popularity,img,url
10000000603,FEELALL 星空旋律 鼠标垫  凪款,¥6.8,¥35,,近90天售500+件,https://i0.hdslb.com/bfs/mall/mall/2b/5f/2b5fcc805ecdb4d36a31577073d83dc7.png,https://mall.bilibili.com/neul-next/resell/detail.html?noTitleBar=1&clusterId=10000000603
10000000606,FEELALL 星空旋律 鼠标垫 茉绪款,¥6.69,¥35,最低价仅1件,近90天售500+件,https://i0.hdslb.com/bfs/mall/mall/08/14/08149f2546e0a9a358ebea66a6690ffd.png,https://mall.bilibili.com/neul-next/resell/detail.html?noTitleBar=1&clusterId=10000000606
10000001630,FEELALL 星空旋律 鼠标垫  音理款,¥6.8,¥35,,近90天售500+件,https://i0.hdslb.com/bfs/mall/mall/92/ba/92bab25d56f0ed54479dc3acbb371528.png,https://mall.bilibili.com/neul-next/resell/detail.html?noTitleBar=1&clusterId=10000001630
10000000605,FEELALL 星空旋律 鼠标垫 叶月款,¥6.6,¥35,,近90天售400+件,https://i0.hdslb.com/bfs/mall/mall/1b/94/1b9467af7bae5c5bc90c7799a9fff2f3.png,https://mall.bilibili.com/neul-next/resell/detail.html?noTitleBar=1&clusterId=10000000605
10000000604,FEELALL 星空旋律 鼠标垫 月咏款,¥6.8,¥35,,近90天售400+件,https://i0.hdslb.com/bfs/mall/mall/cc/f8/ccf891a2736a3616fa0a1c5e0d89b934.png,https://mall.bilibili.com/neul-next/resell/detail.html?noTitleBar=1&clusterId=10000000604
10000002794,FEELALL 夏日恋曲 亚克力手机支架 由飞款,¥6.6,¥35,,近90天售100+件,https://i0.hdslb.com/bfs/mall/mall/44/c0/44c024115c38d974dbc7797fb68b81de.png,https://mall.bilibili.com/neul-next/resell/detail.html?noTitleBar=1&clusterId=10000002794
10000001564,FEELALL 异想少女 鼠标垫 洛塔 万圣款,¥10.5,¥55,最低价仅2件,近90天售100+件,https://i0.hdslb.com/bfs/mall/mall/16/2d/162de794c51ef8389540e331b7140445.png,https://mall.bilibili.com/neul-next/resell/detail.html?noTitleBar=1&clusterId=10000001564
10000001052,FEELALL 异想少女 鼠标垫 美琴 万圣款,¥11,¥55,,近90天售100+件,https://i0.hdslb.com/bfs/mall/mall/e6/10/e61000d60f0fda4e7b00ccde2c95cd0a.png,https://mall.bilibili.com/neul-next/resell/detail.html?noTitleBar=1&clusterId=10000001052
10000002792,FEELALL 夏日恋曲 亚克力手机支架  千夏款,¥6.6,¥35,,近90天售100+件,https://i0.hdslb.com/bfs/mall/mall/16/52/1652148bdbe0b2610315107b852da6f2.png,https://mall.bilibili.com/neul-next/resell/detail.html?noTitleBar=1&clusterId=10000002792
10000002793,FEELALL 夏日恋曲 亚克力手机支架 亚季款,¥6.6,¥35,,近90天售100+件,https://i0.hdslb.com/bfs/mall/mall/4a/ea/4aeae511eb51d1d40a44cdccc99180bf.png,https://mall.bilibili.com/neul-next/resell/detail.html?noTitleBar=1&clusterId=10000002793
10000002791,FEELALL 夏日恋曲 亚克力手机支架 诺伊款,¥6.9,¥35,,近90天售100+件,https://i0.hdslb.com/bfs/mall/mall/18/ac/18ac2d653491725dce1116b01dcbcd26.png,https://mall.bilibili.com/neul-next/resell/detail.html?noTitleBar=1&clusterId=10000002791
10000001563,FEELALL 异想少女 鼠标垫 艾米 万圣款,¥10.9,¥55,最低价仅2件,近90天售100+件,https://i0.hdslb.com/bfs/mall/mall/ec/ae/ecaee2eb4a8b7e6431327effef99a2d9.png,https://mall.bilibili.com/neul-next/resell/detail.html?noTitleBar=1&clusterId=10000001563
10000002795,FEELALL 夏日恋曲 亚克力手机支架  优里款,¥6.6,¥35,,近90天售100+件,https://i0.hdslb.com/bfs/mall/mall/a3/de/a3deccf914ba12e34d5f3b16d455db2a.png,https://mall.bilibili.com/neul-next/resell/detail.html?noTitleBar=1&clusterId=10000002795
10000001051,FEELALL 异想少女 鼠标垫 艾米 七夕款,¥11,¥55,,近90天售100+件,https://i0.hdslb.com/bfs/mall/mall/e2/d9/e2d9768a43d71911e9e94eec8d034073.png,https://mall.bilibili.com/neul-next/resell/detail.html?noTitleBar=1&clusterId=10000001051
10000003922,Apple/苹果 20W USB-C手机充电器  20W 电源适配器,¥67,¥149,近期涨5元、最低价仅1件,,https://i0.hdslb.com/bfs/mall/vendor/04/c0/04c00cc759f00edee6f3f4003a53ce84.png,https://mall.bilibili.com/neul-next/resell/detail.html?noTitleBar=1&clusterId=10000003922
10000001549,前行者T75云苔轴侧刻RGB下位灯三模键盘 极昼黑,¥115,¥259,近期涨13元、最低价仅1件,近90天售100+件,https://i0.hdslb.com/bfs/mall/vendor/38/40/3840794a5241c337f5b20c9b368c8d2c.png,https://mall.bilibili.com/neul-next/resell/detail.html?noTitleBar=1&clusterId=10000001549
10000001228,FEELALL 异想少女 鼠标垫 洛塔 七夕款,¥12,¥55,近期涨2元,,https://i0.hdslb.com/bfs/mall/mall/52/6d/526d5fab06823834333928e2a7166983.png,https://mall.bilibili.com/neul-next/resell/detail.html?noTitleBar=1&clusterId=10000001228
10000006499,Apple/苹果 60W USB-C编织充电线-1米 60W USB-C,¥78,¥145,近期涨8元、最低价仅1件,,https://i0.hdslb.com/bfs/mall/vendor/88/d7/88d7ae1b121d141f71b6c2818b0397c6.png,https://mall.bilibili.com/neul-next/resell/detail.html?noTitleBar=1&clusterId=10000006499
10000000737,前行者T75云苔轴侧刻RGB下位灯三模键盘 黑莓粉,¥116,¥259,近期涨13元、最低价仅1件,近90天售100+件,https://i0.hdslb.com/bfs/mall/vendor/0b/e4/0be4b78a873d5341ef1a853a7eaa3d7b.png,https://mall.bilibili.com/neul-next/resell/detail.html?noTitleBar=1&clusterId=10000000737
10000001555,前行者（EWEADN）M104白云轴白光有线版 黑管口红,¥125,¥259,近期涨2元、最低价仅3件,,https://i0.hdslb.com/bfs/mall/vendor/cd/b2/cdb20a5608bee71ad9b878a1049e975b.png,https://mall.bilibili.com/neul-next/resell/detail.html?noTitleBar=1&clusterId=10000001555
10000000225,狼蛛（AULA）S99无线蓝牙有线三模键盘 黑莓粉,¥64.99,¥109,,,https://i0.hdslb.com/bfs/mall/vendor/ed/3d/ed3d36f9881a4bdab3bb4fcb87e086fd.png,https://mall.bilibili.com/neul-next/resell/detail.html?noTitleBar=1&clusterId=10000000225
10000001571,AKKO AG ONE L 罗小黑联名鼠标无线蓝牙双模电竞办公电脑通用鼠标  AG ONE-L罗小黑双模鼠标,¥61.9,¥129,近期涨2元、最低价仅1件,罗小黑战记热销TOP1,https://i0.hdslb.com/bfs/mall/vendor/92/a3/92a35381912acc0d4009b654b0e12f1b.png,https://mall.bilibili.com/neul-next/resell/detail.html?noTitleBar=1&clusterId=10000001571
10000000216,FEELALL 异想少女 鼠标垫 美琴 七夕款,¥15.39,¥55,近期涨5元、最低价仅3件,近90天售100+件,https://i0.hdslb.com/bfs/mall/mall/a1/0c/a10c2089e3937a6c09226ea037ca52cd.png,https://mall.bilibili.com/neul-next/resell/detail.html?noTitleBar=1&clusterId=10000000216
10000000638,FEELALL 拢袖方圆 无线充电鼠标垫 无线充电鼠标垫 ,¥27,¥300,,,https://i0.hdslb.com/bfs/mall/mall/dd/e6/dde6124794bf92574b23956387ae02b6.png,https://mall.bilibili.com/neul-next/resell/detail.html?noTitleBar=1&clusterId=10000000638
10000000995,前行者（EWEADN）M104白云轴白光有线版 粉底液,¥130,¥259,近期涨3元,,https://i0.hdslb.com/bfs/mall/vendor/55/4a/554a157651abab86087c496def978a90.png,https://mall.bilibili.com/neul-next/resell/detail.html?noTitleBar=1&clusterId=10000000995
10000000725,黑爵（AJAZZ）AJ199 NL Ultra 碳纤维复合无线鼠标PAW3950三模人体工学 渐变粉蓝 双8K AJ199 NL Ultra 渐变粉蓝 三模双8K,¥143,¥299,近期涨9元、最低价仅2件,,https://i0.hdslb.com/bfs/mall/vendor/05/2a/052acda427a70496c88869bbbcc72bf0.png,https://mall.bilibili.com/neul-next/resell/detail.html?noTitleBar=1&clusterId=10000000725
10000000095,"雷神重力场双模立体声桌面游戏音箱S10 Pro
 S10Pro",¥99,¥269,最低价仅1件,,https://i0.hdslb.com/bfs/mall/vendor/92/29/9229e7df739dd7b68ccdec99eddc77bd.png,https://mall.bilibili.com/neul-next/resell/detail.html?noTitleBar=1&clusterId=10000000095
10000000223,黑爵（AJAZZ）AK68V2客制化高颜值机械键盘 带飘带 NK68V2红轴 ABS黑色 混光 有线版,¥53,¥129,近期涨11元、最低价仅2件,,https://i0.hdslb.com/bfs/mall/vendor/14/a4/14a4e12d5c715ee17b315ee2564a9136.png,https://mall.bilibili.com/neul-next/resell/detail.html?noTitleBar=1&clusterId=10000000223
10000000244,AKKO 初音未来 樱花粉联名款大桌垫游戏办公专用防水鼠标垫可爱女生  樱花未来大鼠标垫,¥33,¥69,近期涨4元、最低价仅1件,,https://i0.hdslb.com/bfs/mall/vendor/47/df/47dff9471bbcc640511155388f9106c0.png,https://mall.bilibili.com/neul-next/resell/detail.html?noTitleBar=1&clusterId=10000000244
10000002331,漫步者（EDIFIER）2025年重磅新品 花再 感官森林 音乐香薰礼盒 原野绿,¥74.2,¥259,近期涨3元、最低价仅3件,,https://i0.hdslb.com/bfs/mall/vendor/94/93/94930d8fecc2f82c62a216aea8440051.png,https://mall.bilibili.com/neul-next/resell/detail.html?noTitleBar=1&clusterId=10000002331
10000000724,雷神三模游戏鼠标ML903mini 8K竞技版 鹦鹉绿 ,¥98,¥229,近期涨10元,,https://i0.hdslb.com/bfs/mall/vendor/26/37/2637686291fa6f09e7087d4987f00be8.png,https://mall.bilibili.com/neul-next/resell/detail.html?noTitleBar=1&clusterId=10000000724
10000000200,AKKO 初音未来·未来有你2025演唱会联名三模键盘无线蓝牙双8K电竞办公笔记本台式电脑通用机械键盘 初音-未来有你三模机械键盘-奶黄轴U1-导光柱,¥255,¥399,近期涨19元、最低价仅2件,,https://i0.hdslb.com/bfs/mall/vendor/bb/1f/bb1f5fabcb251aaea0eba4963a820a64.png,https://mall.bilibili.com/neul-next/resell/detail.html?noTitleBar=1&clusterId=10000000200
10000002118,黑爵（AJAZZ）AK61 61键套筒热插拔有线版机械键盘 NK61 红轴 ABS黑色 混光 DIY 有线版,¥43.99,¥119,近期涨4元、最低价仅1件,,https://i0.hdslb.com/bfs/mall/vendor/8f/2f/8f2faa11bd2d415a2a4ecaa9ac4c532f.png,https://mall.bilibili.com/neul-next/resell/detail.html?noTitleBar=1&clusterId=10000002118
10000000224,狼蛛（AULA）S99无线蓝牙有线三模键盘 微尘灰,¥65,¥109,近期涨1元、最低价仅3件,,https://i0.hdslb.com/bfs/mall/vendor/61/4a/614a316cd8d1087204a7183c0c08aee5.png,https://mall.bilibili.com/neul-next/resell/detail.html?noTitleBar=1&clusterId=10000000224
10000000222,黑爵（AJAZZ）AK68V2客制化高颜值机械键盘 带飘带 NK68V2红轴 ABS白色 混光 有线版,¥55,¥129,近期涨12元、最低价仅1件,,https://i0.hdslb.com/bfs/mall/vendor/7b/90/7b907f49c031cb6f6d27317fc44037b5.png,https://mall.bilibili.com/neul-next/resell/detail.html?noTitleBar=1&clusterId=10000000222
10000008514,漫步者 Zero Air 简约迷你真无线蓝牙5.4耳机手机游戏电竞AI通话降噪耳塞 夏紫,¥69.66,¥129,近期涨2元,,https://i0.hdslb.com/bfs/mall/vendor/97/a6/97a619816ad8dfea61cedabfdafb5f06.png,https://mall.bilibili.com/neul-next/resell/detail.html?noTitleBar=1&clusterId=10000008514
10000002245,黑爵（AJAZZ）AJ199 NL Ultra 碳纤维复合无线鼠标PAW3950三模人体工学 渐变粉蓝 双8K AJ199 NL Ultra 黑色 三模 双8K,¥139,¥299,最低价仅2件,,https://i0.hdslb.com/bfs/mall/vendor/6d/15/6d1521ce4c34a578f3903422dbde9e8a.png,https://mall.bilibili.com/neul-next/resell/detail.html?noTitleBar=1&clusterId=10000002245
10000001159,CHERRY樱桃M50无线RGB鼠标无线三模游戏鼠标 白色,¥101.9,¥299,近期涨3元、最低价仅2件,,https://i0.hdslb.com/bfs/mall/vendor/45/c5/45c54b68d3d5a05603813d43cc34f233.png,https://mall.bilibili.com/neul-next/resell/detail.html?noTitleBar=1&clusterId=10000001159
10000000099,狼蛛（AULA）S99无线蓝牙有线三模键盘 桃夭粉,¥62,¥109,近期跌3元,,https://i0.hdslb.com/bfs/mall/vendor/44/f1/44f1e21a03fefd0e12e2df3ecbcbc96b.png,https://mall.bilibili.com/neul-next/resell/detail.html?noTitleBar=1&clusterId=10000000099
10000002263,LUXUB 初音未来 联名款CCD 数码相机 初音ccd 早鸟价,¥74.98,¥99,近期涨5元、最低价仅1件,,https://i0.hdslb.com/bfs/mall/mall/43/b3/43b38d12149d8ccec016dc08a5bf3b0a.png,https://mall.bilibili.com/neul-next/resell/detail.html?noTitleBar=1&clusterId=10000002263
10000007041,黑爵（AJAZZ）AJ139P V3 MC三模中大手RGB带充电底座电竞游戏鼠标 AJ139PV3 Mc 三模 白色,¥83,¥129.2,最低价仅1件,,https://i0.hdslb.com/bfs/mall/vendor/b0/5a/b05ab3c032a314c48ca1b9d52888836a.png,https://mall.bilibili.com/neul-next/resell/detail.html?noTitleBar=1&clusterId=10000007041
10000001002,CHERRY樱桃M50无线RGB鼠标无线三模游戏鼠标 黑色,¥100.8,¥299,近期跌2元、最低价仅1件,,https://i0.hdslb.com/bfs/mall/vendor/0f/4e/0f4e9eb1af7f45fd015e092b60bc2482.png,https://mall.bilibili.com/neul-next/resell/detail.html?noTitleBar=1&clusterId=10000001002
10000009588,苏泊尔（SUPOR）多功能电动搅拌机碎肉绞馅机 JRD07 JRD07,¥48,¥129,最低价仅1件,,https://i0.hdslb.com/bfs/mall/vendor/c1/f9/c1f9b87c75e3cdd9634e7723f6b1ccd9.png,https://mall.bilibili.com/neul-next/resell/detail.html?noTitleBar=1&clusterId=10000009588
10000007671,黑爵（AJAZZ）AJ139P V3 MC三模中大手RGB带充电底座电竞游戏鼠标 AJ139PV3 Mc 三模 黑色,¥82,¥129.2,近期涨6元,,https://i0.hdslb.com/bfs/mall/vendor/09/21/0921428e1df2053ea7e42a6bc3827bfd.png,https://mall.bilibili.com/neul-next/resell/detail.html?noTitleBar=1&clusterId=10000007671
10000000358,黑爵（AJAZZ）AK61 61键套筒热插拔有线版机械键盘 NK61 红轴 ABS白色 混光 DIY 有线版,¥42,¥119,最低价仅2件,,https://i0.hdslb.com/bfs/mall/vendor/45/9d/459d1293a1119d4fb2a6922595953f1a.png,https://mall.bilibili.com/neul-next/resell/detail.html?noTitleBar=1&clusterId=10000000358
10000003017,"REDMI 蓝牙音箱 2
 雾哑黑",¥64,¥129,近期涨5元、最低价仅1件,,https://i0.hdslb.com/bfs/mall/vendor/14/b2/14b23a208d5cd2f38d5bada65f9adbee.png,https://mall.bilibili.com/neul-next/resell/detail.html?noTitleBar=1&clusterId=10000003017
10000001632,"狼蛛（AULA）SC580SE无线蓝牙有线三模鼠标

 白色",¥40,¥79,近期涨2元,,https://i0.hdslb.com/bfs/mall/vendor/ba/6f/ba6f5b5c1d3d1187355c7f4c858bd358.png,https://mall.bilibili.com/neul-next/resell/detail.html?noTitleBar=1&clusterId=10000001632
10000001547,"狼蛛（AULA） F2088pro 有线机械键盘
 【黑莓粉】侧刻渐变版",¥83.8,¥179,近期涨3元,,https://i0.hdslb.com/bfs/mall/vendor/87/78/87783f3c08c4da78b2b7efb367cc5938.png,https://mall.bilibili.com/neul-next/resell/detail.html?noTitleBar=1&clusterId=10000001547
10000002486,"狼蛛（AULA）SC580SE无线蓝牙有线三模鼠标

 黑色",¥40,¥79,近期涨3元,,https://i0.hdslb.com/bfs/mall/vendor/c4/40/c4409a7682547b7a46320fe72cd1e4fa.png,https://mall.bilibili.com/neul-next/resell/detail.html?noTitleBar=1&clusterId=10000002486
10000001007,前行者S9Pro三模鼠标精英版 紫黑渐变,¥109.9,¥211,最低价仅1件,近90天售100+件,https://i0.hdslb.com/bfs/mall/vendor/d6/8e/d68e0cec8f1d99e1fc9b799a9a656986.png,https://mall.bilibili.com/neul-next/resell/detail.html?noTitleBar=1&clusterId=10000001007
10000000227,"前行者（EWEADN）F68 RGB有线键盘

 白色",¥34,¥99,近期涨1元、最低价仅1件,,https://i0.hdslb.com/bfs/mall/vendor/56/c1/56c1125bf5d9dd8245761901e6320884.png,https://mall.bilibili.com/neul-next/resell/detail.html?noTitleBar=1&clusterId=10000000227
10000002553,黑爵（AJAZZ）GP100 PS 双模 手柄 游戏手柄双模连接旋转式多平台全能电竞版六轴体感 GP100 PS 双模 手柄 玫红色,¥80,¥129,近期涨26元、最低价仅1件,,https://i0.hdslb.com/bfs/mall/vendor/e8/f0/e8f0de064a3d684e46b28a96de21f9dd.png,https://mall.bilibili.com/neul-next/resell/detail.html?noTitleBar=1&clusterId=10000002553
10000012137,美的（Midea）电烤箱迷你容量 PT10X1(S) PT10X1(S),¥62,¥149,近期涨3元、最低价仅2件,,https://i0.hdslb.com/bfs/mall/vendor/c4/d5/c4d5436c13e5e07bfd15e84d9dea814e.png,https://mall.bilibili.com/neul-next/resell/detail.html?noTitleBar=1&clusterId=10000012137
10000008134,黑爵（AJAZZ）NJ08 MC PAW3311三模电竞游戏鼠标 RGB 6档DPI NJ08 MC 白色  3311,¥42,¥99,最低价仅1件,,https://i0.hdslb.com/bfs/mall/vendor/8b/47/8b471ddd5dcb49be98152c5c2c8bfeae.png,https://mall.bilibili.com/neul-next/resell/detail.html?noTitleBar=1&clusterId=10000008134
10000001552,"AKKO 5075 V5 酷洛米联名机械键盘高颜值无线蓝牙电竞办公键盘
  双1K酷洛米机械键盘-V3 Pro钢琴轴",¥165,¥319,近期涨8元、最低价仅3件,三丽鸥热销TOP1,https://i0.hdslb.com/bfs/mall/vendor/9c/d3/9cd35c77ff70b6e2f30041dcf2cf6de6.png,https://mall.bilibili.com/neul-next/resell/detail.html?noTitleBar=1&clusterId=10000001552
10000000987,AKKO 5108B Plus 初音未来联名键盘蓝牙无线有线游戏办公通用键盘 初音未来三模键盘-钢琴轴 V3 PRO,¥233,¥369,最低价仅1件,,https://i0.hdslb.com/bfs/mall/vendor/d7/8d/d78d6a5aee024fb26743a19eb9a5cca8.png,https://mall.bilibili.com/neul-next/resell/detail.html?noTitleBar=1&clusterId=10000000987
10000000034,小米（MI）Redmi 蓝牙音箱 橙色,¥63,¥129,近期涨4元、最低价仅2件,,https://i0.hdslb.com/bfs/mall/vendor/c6/f8/c6f85a2c6035ffc2fb00a74a522aa856.png,https://mall.bilibili.com/neul-next/resell/detail.html?noTitleBar=1&clusterId=10000000034
10000002193,黑爵（AJAZZ）NJ 08 三模电竞游戏鼠标 NS08 三模 白色 RGB 6档DPI NJ08 三模 白色 RGB 6档DPI,¥38.8,¥89,近期涨2元、最低价仅2件,,https://i0.hdslb.com/bfs/mall/vendor/b6/d6/b6d604ea77ca5a1a307ea9fecff6e204.png,https://mall.bilibili.com/neul-next/resell/detail.html?noTitleBar=1&clusterId=10000002193
10000002159,CHERRY樱桃HC2.2头戴式电竞专用游戏有线耳机 HC2.2黑色,¥88,¥175,近期涨4元,,https://i0.hdslb.com/bfs/mall/vendor/35/de/35ded439a11745cceb0abf35360ca019.png,https://mall.bilibili.com/neul-next/resell/detail.html?noTitleBar=1&clusterId=10000002159
10000009997,漫步者 Zero Air 简约迷你真无线蓝牙5.4耳机手机游戏电竞AI通话降噪耳塞 月白,¥69,¥129,最低价仅1件,,https://i0.hdslb.com/bfs/mall/vendor/f0/b7/f0b72228ed815102dea7e42323de664e.png,https://mall.bilibili.com/neul-next/resell/detail.html?noTitleBar=1&clusterId=10000009997
10000000947,"狼蛛（AULA） F2088pro 有线机械键盘
 【微尘灰】侧刻渐变版",¥83.8,¥179,,,https://i0.hdslb.com/bfs/mall/vendor/eb/24/eb2437ac9783866af4f162c2471473f6.png,https://mall.bilibili.com/neul-next/resell/detail.html?noTitleBar=1&clusterId=10000000947
10000009589,苏泊尔（SUPOR）剃须刀电动刮胡刀 ES-RT23 ES-RT23,¥57,¥129,近期涨3元、最低价仅1件,,https://i0.hdslb.com/bfs/mall/vendor/0d/7c/0d7ca254a77b80f126332815534f60e4.png,https://mall.bilibili.com/neul-next/resell/detail.html?noTitleBar=1&clusterId=10000009589
10000000735,AKKO 5108 V5罗小黑联名机械键盘女生办公游戏二次元电脑外设键盘 罗小黑三模机械键盘-奶黄轴V5Ultra,¥243,¥399,近期涨7元、最低价仅3件,罗小黑战记热销TOP2,https://i0.hdslb.com/bfs/mall/vendor/fb/8e/fb8ec14887cbe708649e5402ddbdf15c.png,https://mall.bilibili.com/neul-next/resell/detail.html?noTitleBar=1&clusterId=10000000735
10000002289,sanag F50 耳夹式无线蓝牙6.0运动耳机跑步健身高解析音质AI通话降噪气传导 F50 月光银,¥182,¥359,近期涨6元、最低价仅1件,,https://i0.hdslb.com/bfs/mall/vendor/e6/6c/e66c7de8df9361e076883b3ae6a01a1f.png,https://mall.bilibili.com/neul-next/resell/detail.html?noTitleBar=1&clusterId=10000002289
10000001397,小米（MI）Redmi 蓝牙音箱 黑色,¥62,¥129,近期涨1元、最低价仅2件,,https://i0.hdslb.com/bfs/mall/vendor/8e/2f/8e2fc23e4676fb050bb7e14008281595.png,https://mall.bilibili.com/neul-next/resell/detail.html?noTitleBar=1&clusterId=10000001397
10000002641,黑爵（AJAZZ）GP100 PS 双模 手柄 游戏手柄双模连接旋转式多平台全能电竞版六轴体感 GP100 PS 双模 手柄 白色,¥100,¥129,,,https://i0.hdslb.com/bfs/mall/vendor/39/ff/39ffe04d2a701e8aeb24228cd5f1f927.png,https://mall.bilibili.com/neul-next/resell/detail.html?noTitleBar=1&clusterId=10000002641
10000004421,漫步者W280NB Pro无线蓝牙耳机颈挂脖式主动降噪入耳式运动耳机 典雅黑,¥114.9,¥259,近期涨6元、最低价仅1件,,https://i0.hdslb.com/bfs/mall/vendor/43/4f/434f992c477136f788d6a5b78efc04a8.png,https://mall.bilibili.com/neul-next/resell/detail.html?noTitleBar=1&clusterId=10000004421
10000000233,漫步者（EDIFIER）Lolli Pro SE 真无线主动降噪蓝牙耳机 蓝牙6.0 AI翻译 适用苹果华为小米OPPO手机 冰鸢紫,¥133.9,¥299,近期涨3元、最低价仅1件,,https://i0.hdslb.com/bfs/mall/vendor/91/17/9117cfd0b27f4c4dce0dc22c8e0f914b.png,https://mall.bilibili.com/neul-next/resell/detail.html?noTitleBar=1&clusterId=10000000233
10000000253,达尔优LK186T无线键鼠套装防水溅商务办公游戏笔记本台式通用 黑色-无线套装,¥27,¥99,近期跌2元、最低价仅2件,,https://i0.hdslb.com/bfs/mall/vendor/00/34/00343fc3b09d963436288936e62d2f2d.png,https://mall.bilibili.com/neul-next/resell/detail.html?noTitleBar=1&clusterId=10000000253
10000001004,达尔优（dareu）COOL68/60磁轴键盘RT电竞游戏机械键盘8K回报率热插拔RGB双驱动无畏契约 COOL60红色-冰刃磁轴,¥151,¥299,最低价仅1件,,https://i0.hdslb.com/bfs/mall/vendor/ef/84/ef848f3102b26e32ec5ae81ddb8c2614.png,https://mall.bilibili.com/neul-next/resell/detail.html?noTitleBar=1&clusterId=10000001004
10000001635,Cherry 宝可梦联名RGB光影垫 宝可梦RGB光影垫,¥199.99,¥499,近期涨14元、最低价仅1件,精灵宝可梦热销TOP2,https://i0.hdslb.com/bfs/mall/vendor/a8/b4/a8b41a191f8e0846b192a584376a96b9.png,https://mall.bilibili.com/neul-next/resell/detail.html?noTitleBar=1&clusterId=10000001635
10000003848,漫步者W280NB Pro无线蓝牙耳机颈挂脖式主动降噪入耳式运动耳机 冰川蓝,¥122.22,¥259,近期涨12元、最低价仅2件,,https://i0.hdslb.com/bfs/mall/vendor/d2/ff/d2ff11499cf6fdd6df3ea2b5f631838a.png,https://mall.bilibili.com/neul-next/resell/detail.html?noTitleBar=1&clusterId=10000003848
10000009603,苏泊尔（SUPOR）电水壶 SW-15T101C SW-15T101C,¥59.99,¥199,最低价仅1件,,https://i0.hdslb.com/bfs/mall/vendor/d0/bb/d0bb0c1c84ff9af1c2a15c38190cdb3a.png,https://mall.bilibili.com/neul-next/resell/detail.html?noTitleBar=1&clusterId=10000009603
10000001997,黑爵（AJAZZ）NJ 08 三模电竞游戏鼠标 NS08 三模 白色 RGB 6档DPI NJ08 三模 玫红色 RGB 6档DPI,¥41,¥89,,,https://i0.hdslb.com/bfs/mall/vendor/22/bc/22bcd49d323a77240a9834afc981396d.png,https://mall.bilibili.com/neul-next/resell/detail.html?noTitleBar=1&clusterId=10000001997
10000000226,狼蛛（AULA）S99无线蓝牙有线三模键盘 浆果红,¥62,¥109,最低价仅1件,,https://i0.hdslb.com/bfs/mall/vendor/55/a7/55a721948dd8123882b467a47090996f.png,https://mall.bilibili.com/neul-next/resell/detail.html?noTitleBar=1&clusterId=10000000226
10000002209,FIIL Atom耳夹真无线蓝牙耳机  灰色,¥88,¥189,近期涨4元、最低价仅2件,,https://i0.hdslb.com/bfs/mall/vendor/ba/d3/bad3292e67eae8f8fc11e815fb79ee31.png,https://mall.bilibili.com/neul-next/resell/detail.html?noTitleBar=1&clusterId=10000002209
10000000259,红魔 游戏鼠标 1S人体工学电竞鼠标 有线/无线/蓝牙三模  8K轮询率 鼠标1S 氘锋银翼,¥199,¥399,近期涨26元、最低价仅3件,,https://i0.hdslb.com/bfs/mall/vendor/85/60/85603ba6661d89f3434d272d3e9d86b0.png,https://mall.bilibili.com/neul-next/resell/detail.html?noTitleBar=1&clusterId=10000000259
10000001558,"AKKO 5087 V5 三丽鸥可洛比联名机械键盘办公游戏台式电脑通用
 双1K可洛比三模机械键盘-钢琴轴",¥149,¥319,,三丽鸥热销TOP6,https://i0.hdslb.com/bfs/mall/vendor/ff/cd/ffcd1050c211fceaddc75244d77af502.png,https://mall.bilibili.com/neul-next/resell/detail.html?noTitleBar=1&clusterId=10000001558
10000005535,漫步者W280NB Pro无线蓝牙耳机颈挂脖式主动降噪入耳式运动耳机 沙滩白,¥114,¥259,近期涨10元、最低价仅2件,,https://i0.hdslb.com/bfs/mall/vendor/bd/72/bd72abb03899fadf40f88bd3017ee04f.png,https://mall.bilibili.com/neul-next/resell/detail.html?noTitleBar=1&clusterId=10000005535
10000007688,黑爵（AJAZZ）AJ139P V3 MC三模中大手RGB带充电底座电竞游戏鼠标 黑爵AJ139P V3 Mc 三模 红色,¥82,¥129.2,最低价仅1件,,https://i0.hdslb.com/bfs/mall/vendor/04/b1/04b1ee1c8b45232f37b5708f3b774e9b.png,https://mall.bilibili.com/neul-next/resell/detail.html?noTitleBar=1&clusterId=10000007688
10000001162,"AKKO 5075 V5 美乐蒂联名机械键盘电竞办公高颜值键盘电脑通用
  双1K美乐蒂机械键盘-V3 Pro钢琴轴",¥165,¥319,近期涨11元、最低价仅3件,三丽鸥热销TOP3,https://i0.hdslb.com/bfs/mall/vendor/aa/2d/aa2df71e655b95f6d23e2f43651cc3d9.png,https://mall.bilibili.com/neul-next/resell/detail.html?noTitleBar=1&clusterId=10000001162
10000002590,黑爵（AJAZZ）AK680V3磁轴电竞游戏磁轴RT0.001星闪悦动无畏契约打瓦68键双灯位 透明黄紫深紫 AK680 V3透明粉橙 雷晶磁轴 8K,¥148,¥329,近期涨19元、最低价仅1件,,https://i0.hdslb.com/bfs/mall/vendor/83/39/8339c128d44882117ab7261ebcc1a65f.png,https://mall.bilibili.com/neul-next/resell/detail.html?noTitleBar=1&clusterId=10000002590
10000001003,雷神（ThundeRobot）G80旗舰版 无线游戏手柄 白 旗舰款|白,¥159,¥299,最低价仅1件,,https://i0.hdslb.com/bfs/mall/vendor/af/28/af280cf801db0f787d008b11bee045df.png,https://mall.bilibili.com/neul-next/resell/detail.html?noTitleBar=1&clusterId=10000001003
10000001014,前行者S9Pro三模鼠标精英版 白色,¥120,¥211,近期涨11元,,https://i0.hdslb.com/bfs/mall/vendor/13/f2/13f25cb350e7c26ed5638586eb147a5c.png,https://mall.bilibili.com/neul-next/resell/detail.html?noTitleBar=1&clusterId=10000001014
10000001225,AKKO 5075 V5玉桂狗联名机械键盘无线蓝牙三模电竞办公高颜值键盘 双1K玉桂狗机械键盘-V3 Pro钢琴轴,¥165,¥319,近期涨12元、最低价仅3件,三丽鸥热销TOP5,https://i0.hdslb.com/bfs/mall/vendor/49/c5/49c52fb89834006c3f9dada77d43aa19.png,https://mall.bilibili.com/neul-next/resell/detail.html?noTitleBar=1&clusterId=10000001225
10000002157,CHERRY樱桃HC2.2头戴式电竞专用游戏有线耳机 HC2.2白色,¥85,¥175,近期涨4元、最低价仅1件,,https://i0.hdslb.com/bfs/mall/vendor/e4/5f/e45f19e1d02a45954133dfcdf2a3e585.png,https://mall.bilibili.com/neul-next/resell/detail.html?noTitleBar=1&clusterId=10000002157
10000003708,"REDMI 蓝牙音箱 2
 山岚绿",¥65.8,¥129,近期涨3元、最低价仅1件,,https://i0.hdslb.com/bfs/mall/vendor/97/77/9777b99fd48ec4096a6c9271e9d6177d.png,https://mall.bilibili.com/neul-next/resell/detail.html?noTitleBar=1&clusterId=10000003708
10000000699,"AKKO 3108 V3 晚樱机械键盘可爱女生粉色电竞办公有线笔记本台式电脑通用键盘
 3108 V3 有线 冰川-雪粉轴",¥94,¥199,最低价仅1件,,https://i0.hdslb.com/bfs/mall/vendor/05/af/05af82940a2c7503e28ea47fc18b681c.png,https://mall.bilibili.com/neul-next/resell/detail.html?noTitleBar=1&clusterId=10000000699
10000002008,bilipods POPO系列 海绵宝宝比基尼的居民们真无线蓝牙耳机 毛绒耳机包,¥13,¥49,最低价仅2件,海绵宝宝热销TOP1,https://i0.hdslb.com/bfs/mall/mall/8c/79/8c79864616622a05fd16457679fba7d2.png,https://mall.bilibili.com/neul-next/resell/detail.html?noTitleBar=1&clusterId=10000002008
10000002160,CHERRY樱桃HC2.2头戴式电竞专用游戏有线耳机 HC2.2粉色,¥83,¥175,近期涨2元、最低价仅1件,,https://i0.hdslb.com/bfs/mall/vendor/81/34/8134c05583d47b877eee7cfe07c8b4ab.png,https://mall.bilibili.com/neul-next/resell/detail.html?noTitleBar=1&clusterId=10000002160
10000003314,"REDMI 蓝牙音箱 2
 珊瑚橙",¥66,¥129,近期涨2元、最低价仅1件,,https://i0.hdslb.com/bfs/mall/vendor/fb/7b/fb7ba55c767f0559f4d94dd332d035e8.png,https://mall.bilibili.com/neul-next/resell/detail.html?noTitleBar=1&clusterId=10000003314
10000009590,苏泊尔（SUPOR）电煮锅 H12YK29 H12YK29,¥56,¥159,近期涨4元、最低价仅2件,,https://i0.hdslb.com/bfs/mall/vendor/b8/e8/b8e8bc9af1cb07a48613d085d550242d.png,https://mall.bilibili.com/neul-next/resell/detail.html?noTitleBar=1&clusterId=10000009590
10000009582,苏泊尔/SUPOR 电热水壶1.7L容量 双层防烫 全钢无缝一体内胆 SW-17SJ01 SW-17SJ01,¥50,¥129,最低价仅1件,,https://i0.hdslb.com/bfs/mall/vendor/ae/08/ae0860eafd3be5a1aaa34909c05d0213.png,https://mall.bilibili.com/neul-next/resell/detail.html?noTitleBar=1&clusterId=10000009582
10000003151,小米（MI）Redmi 蓝牙音箱 绿色,¥63,¥129,最低价仅1件,,https://i0.hdslb.com/bfs/mall/vendor/69/a6/69a62471172104fa250a29e71e6dc557.png,https://mall.bilibili.com/neul-next/resell/detail.html?noTitleBar=1&clusterId=10000003151
10000012361,Luxub 初音未来 一次性胶卷相机 白色（18张胶卷）,¥67,¥129,近期涨4元、最低价仅2件,,https://i0.hdslb.com/bfs/mall/vendor/58/21/58210a4c58166f078b7337a7b3d31fd4.jpg,https://mall.bilibili.com/neul-next/resell/detail.html?noTitleBar=1&clusterId=10000012361
10000002191,黑爵（AJAZZ）AK680V3磁轴电竞游戏磁轴RT0.001星闪悦动无畏契约打瓦68键双灯位 透明黄紫深紫 AK680 V3透明黄紫 雷晶磁轴 8K,¥179,¥329,近期涨37元、最低价仅3件,,https://i0.hdslb.com/bfs/mall/vendor/61/32/61325d02e27f818b4df8f1923bf2d1cd.png,https://mall.bilibili.com/neul-next/resell/detail.html?noTitleBar=1&clusterId=10000002191
10000001486,漫步者（EDIFIER）Lolli Pro 5 真无线主动降噪蓝牙耳机蓝牙6.0AI翻译适用苹果华为小米OPPO手机 星空灰,¥228,¥499,最低价仅1件,,https://i0.hdslb.com/bfs/mall/vendor/02/21/0221c7e90ea2f3a6079f1028757837b3.png,https://mall.bilibili.com/neul-next/resell/detail.html?noTitleBar=1&clusterId=10000001486
10000002259,极度未知 旋火2 有线游戏鼠标 白色,¥138.99,¥449,最低价仅1件,,https://i0.hdslb.com/bfs/mall/vendor/b8/3a/b83a6b4cf4d730c2d52810742f6252b5.png,https://mall.bilibili.com/neul-next/resell/detail.html?noTitleBar=1&clusterId=10000002259
10000001481,漫步者（EDIFIER）【2025年新款】Auro Clip耳夹式蓝牙耳机 开放式 轻奢电镀工艺 AI翻译 蓝牙6.1 珍珠白,¥249,¥499,近期涨19元、最低价仅2件,,https://i0.hdslb.com/bfs/mall/vendor/94/46/9446881aeff6e6a974b173a7a136552c.png,https://mall.bilibili.com/neul-next/resell/detail.html?noTitleBar=1&clusterId=10000001481
10000001839,漫步者（EDIFIER）Halo Buds 深渊赛博潮玩耳机 半入耳式蓝牙耳机 RGB灯效 长续航低延迟 适用苹果华为小米 樱花粉,¥115,¥298,最低价仅1件,,https://i0.hdslb.com/bfs/mall/vendor/de/37/de3720276b3765910985cb96cadc2e96.png,https://mall.bilibili.com/neul-next/resell/detail.html?noTitleBar=1&clusterId=10000001839
10000001923,达尔优（dareu）U400G无线键盘鼠标套装 键鼠套装 全尺寸键盘 商务办公 薄膜键盘 无线键盘 办公键盘 黑色,¥24,¥79,近期跌3元、最低价仅1件,,https://i0.hdslb.com/bfs/mall/vendor/ae/e6/aee608f6d6b3bb5de2a397930cc8cee3.png,https://mall.bilibili.com/neul-next/resell/detail.html?noTitleBar=1&clusterId=10000001923
10000000755,"AKKO 3108 V3 晚樱机械键盘可爱女生粉色电竞办公有线笔记本台式电脑通用键盘
  3108 V3 有线 晚樱-雪粉轴",¥110,¥199,最低价仅1件,,https://i0.hdslb.com/bfs/mall/vendor/77/15/7715bbe32ea81cd8d8c68300e6686dba.png,https://mall.bilibili.com/neul-next/resell/detail.html?noTitleBar=1&clusterId=10000000755
10000001356,CHERRY樱桃PIXIU75客制化键盘 Gasket 2.4G蓝牙三模无线RGB 热插拔 游戏键盘 宝可梦系列 红轴,¥550,¥899,近期涨53元,,https://i0.hdslb.com/bfs/mall/vendor/40/00/4000dca9d8225089dd8856876e606738.png,https://mall.bilibili.com/neul-next/resell/detail.html?noTitleBar=1&clusterId=10000001356
10000002844,漫步者（EDIFIER）Lolli Pro SE 真无线主动降噪蓝牙耳机 蓝牙6.0 AI翻译 适用苹果华为小米OPPO手机 薄荷绿,¥139,¥299,近期涨7元,,https://i0.hdslb.com/bfs/mall/vendor/37/85/3785a5b163a91ed6572c249bab3221d1.png,https://mall.bilibili.com/neul-next/resell/detail.html?noTitleBar=1&clusterId=10000002844
10000004236,达尔优（dareu）LK165办公游戏全键无冲104键ABS双色注塑透光铝合金面板有线机械键盘混光白蓝太空主题 黑色混光-青轴,¥82,¥158,近期涨16元、最低价仅1件,,https://i0.hdslb.com/bfs/mall/vendor/ab/cd/abcd949c96b99d419fecc4366dadc6fa.png,https://mall.bilibili.com/neul-next/resell/detail.html?noTitleBar=1&clusterId=10000004236
10000003767,漫步者（EDIFIER）Halo Buds 深渊赛博潮玩耳机 半入耳式蓝牙耳机 RGB灯效 长续航低延迟 适用苹果华为小米 破界黑,¥129,¥298,最低价仅2件,,https://i0.hdslb.com/bfs/mall/vendor/35/d2/35d29e080a399710173fc3a1417cc7f9.png,https://mall.bilibili.com/neul-next/resell/detail.html?noTitleBar=1&clusterId=10000003767
10000001319,"雷神有线磁轴键盘VIC68 Ultra TTC万磁王RGB 鹦鹉绿
  鹦鹉绿",¥340,¥899,最低价仅2件,,https://i0.hdslb.com/bfs/mall/vendor/09/54/0954308cf4f1d8ff2a3e5f6a7c2a393f.png,https://mall.bilibili.com/neul-next/resell/detail.html?noTitleBar=1&clusterId=10000001319
10000001561,"前行者（EWEADN）GS01Max 三模鼠标精英版

 红色",¥65,¥109,近期涨7元、最低价仅2件,,https://i0.hdslb.com/bfs/mall/vendor/17/ce/17cef93ae45f09ed0823d05dac92c94e.png,https://mall.bilibili.com/neul-next/resell/detail.html?noTitleBar=1&clusterId=10000001561
10000003087,飞智八爪鱼4黑神话悟空联名 限量典藏款  无线游戏手柄  黑神话限量款,¥370,¥799,,黑神话：悟空热销TOP1,https://i0.hdslb.com/bfs/mall/vendor/5d/cb/5dcb62ff58d968acc5f11fea2c6a035a.png,https://mall.bilibili.com/neul-next/resell/detail.html?noTitleBar=1&clusterId=10000003087
10000000862,雷神双模游戏鼠标ML8 星闪 羽纱黑,¥100,¥199,最低价仅1件,,https://i0.hdslb.com/bfs/mall/vendor/fe/57/fe57e0d3d19566590fee86e071025a85.png,https://mall.bilibili.com/neul-next/resell/detail.html?noTitleBar=1&clusterId=10000000862
10000002836,漫步者（EDIFIER）Lolli Pro 5 真无线主动降噪蓝牙耳机蓝牙6.0AI翻译适用苹果华为小米OPPO手机 晨曦金,¥240,¥499,近期涨18元、最低价仅1件,,https://i0.hdslb.com/bfs/mall/vendor/49/d8/49d8a0a237db1e1f83256b0777ed4ccd.png,https://mall.bilibili.com/neul-next/resell/detail.html?noTitleBar=1&clusterId=10000002836
10000011279,"摩飞便携电水壶MR6090
 MR6090",¥88,¥210.59,近期跌1元、最低价仅3件,,https://i0.hdslb.com/bfs/mall/vendor/c5/8a/c58a6a5fefd9d5059acc48f72fca7bd0.png,https://mall.bilibili.com/neul-next/resell/detail.html?noTitleBar=1&clusterId=10000011279
10000000128,黑爵（AJAZZ）AK980MAXV2磁轴有线磁轴97键低延迟RT0.01无畏契约电竞游戏办公通用热插拔0死区  黑爵 AK980 MAX V2 银耳轴 原厂侧刻,¥227.9,¥299,最低价仅1件,,https://i0.hdslb.com/bfs/mall/mall/ad/ad/adad92927b1031b7eea8685c199bc8c5.png,https://mall.bilibili.com/neul-next/resell/detail.html?noTitleBar=1&clusterId=10000000128
10000001634,CHERRY樱桃 MW5500 赤灵红双魔AI鼠标 赤灵红,¥222.22,¥499,最低价仅3件,,https://i0.hdslb.com/bfs/mall/vendor/64/33/64338c738257edd8257fc088ef45f499.png,https://mall.bilibili.com/neul-next/resell/detail.html?noTitleBar=1&clusterId=10000001634
10000001090,漫步者（EDIFIER）Halo Buds 深渊赛博潮玩耳机 半入耳式蓝牙耳机 RGB灯效 长续航低延迟 适用苹果华为小米 破晓白,¥119,¥298,近期跌3元、最低价仅2件,,https://i0.hdslb.com/bfs/mall/vendor/e2/d6/e2d671da38b3641e7dd29ec5a4f793a0.png,https://mall.bilibili.com/neul-next/resell/detail.html?noTitleBar=1&clusterId=10000001090
10000003331,"雷神 三模游戏鼠标ML903 星闪SE 浆果粉

 雷神 三模游戏鼠标ML903 星闪SE 浆果粉",¥60,¥116,最低价仅1件,,https://i0.hdslb.com/bfs/mall/vendor/04/52/0452370f0f8b9b854e7a9c16a3aa8feb.png,https://mall.bilibili.com/neul-next/resell/detail.html?noTitleBar=1&clusterId=10000003331
10000005321,漫步者（EDIFIER）2025年重磅新品 花再 感官森林 音乐香薰礼盒 旷野蓝,¥73,¥259,近期涨2元、最低价仅2件,,https://i0.hdslb.com/bfs/mall/vendor/a0/8b/a08b6596b85fd823fa0b0d522da8159f.png,https://mall.bilibili.com/neul-next/resell/detail.html?noTitleBar=1&clusterId=10000005321
10000003086,AKKO 5108 V5 馒头乐园女生机械键盘办公可爱高颜值无线蓝牙台式通用108键 馒头乐园三模键盘-奶黄V5 Ultra,¥250,¥399,最低价仅2件,,https://i0.hdslb.com/bfs/mall/vendor/1a/a1/1aa17ffd2055c808c1ecdafd8a967596.png,https://mall.bilibili.com/neul-next/resell/detail.html?noTitleBar=1&clusterId=10000003086
10000011268,"摩飞全自动抽真空机 MR1121
 MR1121 ",¥109.99,¥299,近期涨8元、最低价仅2件,,https://i0.hdslb.com/bfs/mall/vendor/33/e3/33e3750b2bb2d627d0393670ea91b7ae.png,https://mall.bilibili.com/neul-next/resell/detail.html?noTitleBar=1&clusterId=10000011268
10000001446,VirtuaReal 3rd MIX UP 系列 桌垫 桌垫,¥25,¥98,最低价仅2件,VirtuaReal热销TOP1,https://i0.hdslb.com/bfs/mall/mall/5c/37/5c3779d62cafc8abc670fa96fc5e7343.png,https://mall.bilibili.com/neul-next/resell/detail.html?noTitleBar=1&clusterId=10000001446
10000000085,moeyu VOCALOID 初音未来 次元大发现 鼠标垫 次元大发现-大鼠标垫,¥30,¥59,最低价仅2件,,https://i0.hdslb.com/bfs/mall/vendor/d7/42/d742ddecaa7fa3f58661c8e65b7ed0f4.png,https://mall.bilibili.com/neul-next/resell/detail.html?noTitleBar=1&clusterId=10000000085
10000000460,CHERRY XTRYF M4W无线RGB鼠标无线三模游戏鼠标 黑色,¥138,¥199,最低价仅2件,,https://i0.hdslb.com/bfs/mall/vendor/b5/6c/b56cdf5c216f04379cfe67b7ac941c0f.png,https://mall.bilibili.com/neul-next/resell/detail.html?noTitleBar=1&clusterId=10000000460
10000003085,ROG玩家国度 键盘 游侠2 RX ABS 游侠2 RX ABS 红轴,¥480,¥629,最低价仅1件,,https://i0.hdslb.com/bfs/mall/vendor/7f/01/7f01ffe793cc5d1df5bea2e768c5ba92.png,https://mall.bilibili.com/neul-next/resell/detail.html?noTitleBar=1&clusterId=10000003085
10000002324,罗技G517无线游戏键盘（神里绫华联名款） 神里绫华联名款,¥250,¥699,最低价仅1件,,https://i0.hdslb.com/bfs/mall/vendor/45/c0/45c09ab6eed69d735e6a3f6b6c1b34cf.png,https://mall.bilibili.com/neul-next/resell/detail.html?noTitleBar=1&clusterId=10000002324
10000005289,AMICIS  葬送的芙莉莲  108 键机械键盘 标准版（英文配列） 葬送的芙莉莲 108 键机械键盘 标准版（英文配列,¥289,¥719,最低价仅1件,,https://i0.hdslb.com/bfs/mall/mall/b2/fe/b2fe24370b307c0219a2152103f5c6df.png,https://mall.bilibili.com/neul-next/resell/detail.html?noTitleBar=1&clusterId=10000005289
10000000727,达尔优（dareu）COOL68/60磁轴键盘RT电竞游戏机械键盘8K回报率热插拔RGB双驱动无畏契约 COOL60粉色-冰刃磁轴,¥150,¥299,最低价仅1件,,https://i0.hdslb.com/bfs/mall/vendor/5a/84/5a843d2f4392088eeb0cd768155b2ff6.png,https://mall.bilibili.com/neul-next/resell/detail.html?noTitleBar=1&clusterId=10000000727
10000000561,FEELALL 拢袖方圆 无线充电手机支架 轩辕落海款 ,¥25,¥300,最低价仅1件,,https://i0.hdslb.com/bfs/mall/mall/c5/9f/c59fa544a785b2ecf2710d0536b67bd4.png,https://mall.bilibili.com/neul-next/resell/detail.html?noTitleBar=1&clusterId=10000000561
10000003896,漫步者 Zero Air 简约迷你真无线蓝牙5.3耳机手机游戏电竞AI通话降噪耳塞 月白,¥70,¥129,近期跌20元、最低价仅1件,,https://i0.hdslb.com/bfs/mall/vendor/e6/48/e6480ec4302c8bda22596a3a5fe2dc1c.png,https://mall.bilibili.com/neul-next/resell/detail.html?noTitleBar=1&clusterId=10000003896
10000002121,CHERRY樱桃G80-3000S TKLRGB机械键盘 白色彩光,¥129,¥299,近期涨7元、最低价仅1件,,https://i0.hdslb.com/bfs/mall/vendor/87/5a/875aaffb6632a04db7365b419e73fc3c.png,https://mall.bilibili.com/neul-next/resell/detail.html?noTitleBar=1&clusterId=10000002121
10000006928,Nintendo Switch任天堂二代游戏机NS2掌上主机 单机 Switch2,¥3260,¥4299,近期涨20元、最低价仅2件,,https://i0.hdslb.com/bfs/mall/vendor/a3/a3/a3a3c364abe81fb7dbdec834b4a2cfc5.jpg,https://mall.bilibili.com/neul-next/resell/detail.html?noTitleBar=1&clusterId=10000006928
10000005539,Luxub 初音未来 一次性胶卷相机 黑色（18张胶卷）,¥63.99,¥129,最低价仅3件,,https://i0.hdslb.com/bfs/mall/vendor/31/d4/31d43b7349bc39e1438a4a822ee8831e.jpg,https://mall.bilibili.com/neul-next/resell/detail.html?noTitleBar=1&clusterId=10000005539
10000002959,"CHERRY x 精灵宝可梦联名 MX3.0有线机械键盘绿色铝制边框皮卡丘主题键帽红轴
 皮卡丘",¥389,¥599,最低价仅3件,精灵宝可梦热销TOP7,https://i0.hdslb.com/bfs/mall/vendor/1d/25/1d258a6294938c55c98ba3848f7375e8.png,https://mall.bilibili.com/neul-next/resell/detail.html?noTitleBar=1&clusterId=10000002959
10000001024,CHERRY樱桃PIXIU75客制化键盘 Gasket 2.4G蓝牙三模无线RGB 热插拔 游戏键盘 宝可梦系列 茶轴,¥520,¥899,最低价仅1件,,https://i0.hdslb.com/bfs/mall/vendor/20/64/206490a8118344abd86474694f24ea22.png,https://mall.bilibili.com/neul-next/resell/detail.html?noTitleBar=1&clusterId=10000001024
10000005037,AKKO 5108 V5 诡秘之主机械键盘有线蓝牙键盘电竞游戏办公专用 诡秘之主三模键盘-奶黄V5 Ultra,¥249,¥399,最低价仅1件,诡秘之主热销TOP2,https://i0.hdslb.com/bfs/mall/vendor/b3/89/b3898a73bca87632d70fff8c2890c054.png,https://mall.bilibili.com/neul-next/resell/detail.html?noTitleBar=1&clusterId=10000005037
10000001405,sanag Z60S 气传导武侠蓝牙运动耳机手机游戏通话降噪舒适耳夹 Z60S 杏仁白,¥85,¥169,最低价仅3件,,https://i0.hdslb.com/bfs/mall/vendor/06/0f/060fb9381aa812699403e9d7d8bc76f0.png,https://mall.bilibili.com/neul-next/resell/detail.html?noTitleBar=1&clusterId=10000001405
10000001181,普联（TP-LINK） WiFi6无线路由器AX双频5G千兆家用穿墙 【游戏加速】3030易展版·玄鸟/AX3000黑色 黑色,¥128,¥249,最低价仅3件,,https://i0.hdslb.com/bfs/mall/vendor/78/23/78235d1e5a8de32c8e23d9e7d485170a.png,https://mall.bilibili.com/neul-next/resell/detail.html?noTitleBar=1&clusterId=10000001181
10000011363,"摩飞冰箱除味器 MR2060 
 米白色",¥100,¥199,近期涨26元、最低价仅3件,,https://i0.hdslb.com/bfs/mall/vendor/bf/2a/bf2ab187704eae4593537e92e01c9578.png,https://mall.bilibili.com/neul-next/resell/detail.html?noTitleBar=1&clusterId=10000011363
10000000098,"CHERRY STREAM TKL 键盘
 黑色",¥51.99,¥139,最低价仅1件,,https://i0.hdslb.com/bfs/mall/vendor/6b/30/6b3052052e476cc3095c74c81f0d7983.png,https://mall.bilibili.com/neul-next/resell/detail.html?noTitleBar=1&clusterId=10000000098
10000000194,CHERRY x 精灵宝可梦联名 MX3.0RGB彩光无线三模机械键盘喷火龙主题 三透键帽 喷火龙茶轴,¥640,¥899,最低价仅2件,,https://i0.hdslb.com/bfs/mall/vendor/5f/d5/5fd5261a3f14566a707af765aec5f05b.png,https://mall.bilibili.com/neul-next/resell/detail.html?noTitleBar=1&clusterId=10000000194
10000001017,狼蛛（AULA）FIRE100 三模客制化机械键盘 紫罗兰PC定位板+青云轴（有键帽-需自行安装）,¥430,¥799,最低价仅2件,,https://i0.hdslb.com/bfs/mall/vendor/c0/79/c079baf3bae956fe952e2e4971f79e1e.png,https://mall.bilibili.com/neul-next/resell/detail.html?noTitleBar=1&clusterId=10000001017
10000005327,漫步者（EDIFIER）Lolli Pro SE 真无线主动降噪蓝牙耳机 蓝牙6.0 AI翻译 适用苹果华为小米OPPO手机 秘夜蓝,¥150,¥299,近期涨27元、最低价仅1件,,https://i0.hdslb.com/bfs/mall/vendor/1c/cb/1ccb908ef73547b0150cb4ccdc28b122.png,https://mall.bilibili.com/neul-next/resell/detail.html?noTitleBar=1&clusterId=10000005327
10000000726,FIIL Key Pro2 真无线降噪蓝牙耳机 白色,¥100,¥249,近期跌5元、最低价仅1件,,https://i0.hdslb.com/bfs/mall/vendor/ba/4f/ba4f1a75f27b17912a27acc324d4da78.png,https://mall.bilibili.com/neul-next/resell/detail.html?noTitleBar=1&clusterId=10000000726
10000000870,前行者（EWEADN）DK87青轴侧刻下灯位RGB三模键盘 微尘渐变,¥90,¥189,,,https://i0.hdslb.com/bfs/mall/vendor/7d/15/7d151383174a27516b8c49f894a0ef14.png,https://mall.bilibili.com/neul-next/resell/detail.html?noTitleBar=1&clusterId=10000000870
10000000584,moeyu VOCALOID 樱花未来 快乐出行 蓝牙耳机 快乐出行蓝牙耳机,¥78.98,¥199,最低价仅1件,,https://i0.hdslb.com/bfs/mall/vendor/fd/88/fd8852e203fe1f34739553fce96365a4.png,https://mall.bilibili.com/neul-next/resell/detail.html?noTitleBar=1&clusterId=10000000584
10000000228,雷神有线磁轴键盘VIC68 有线全键热插拔 蛇年红,¥319,¥699,最低价仅1件,,https://i0.hdslb.com/bfs/mall/vendor/0c/3f/0c3f605638d67693c2fbfe00b665576a.png,https://mall.bilibili.com/neul-next/resell/detail.html?noTitleBar=1&clusterId=10000000228
10000004894,小米无线鼠标3 彩色舒适版 粉,¥85,¥99,最低价仅2件,,https://i0.hdslb.com/bfs/mall/vendor/eb/0a/eb0ab3d8999cfef7393fb3cbd9092f4a.png,https://mall.bilibili.com/neul-next/resell/detail.html?noTitleBar=1&clusterId=10000004894
10000008133,黑爵（AJAZZ）NJ08 MC PAW3311三模电竞游戏鼠标 RGB 6档DPI NJ08 MC 黑色  3311,¥46,¥99,最低价仅1件,,https://i0.hdslb.com/bfs/mall/vendor/b6/14/b6140bdbb3336b26951b9a081b630048.png,https://mall.bilibili.com/neul-next/resell/detail.html?noTitleBar=1&clusterId=10000008133
10000000113,前行者（EWEADN）VX01耳机7.1有线版 黑红,¥65,¥109,最低价仅3件,,https://i0.hdslb.com/bfs/mall/vendor/a6/d1/a6d138762a83cdfcde19bb748b4660a8.png,https://mall.bilibili.com/neul-next/resell/detail.html?noTitleBar=1&clusterId=10000000113
10000002825,ROG战刃标准版 游戏鼠标 有线鼠标 RGB光效 可换微动 6200DPI CS2/FPS吃鸡鼠标 华硕ROG 战刃2 标准版,¥120,¥249,最低价仅2件,,https://i0.hdslb.com/bfs/mall/vendor/da/8f/da8fd0e5c723c9e5005c4031b196851d.png,https://mall.bilibili.com/neul-next/resell/detail.html?noTitleBar=1&clusterId=10000002825
10000002171,奕狐xbox游戏手柄pc电脑版Steamdec有线switch oled霍尔手机ios安卓平板rog掌机特斯拉 黑色,¥39.51,¥119,最低价仅2件,,https://i0.hdslb.com/bfs/mall/vendor/d7/e8/d7e839dccfefd0c39b1c5fe6e0f1d8e8.png,https://mall.bilibili.com/neul-next/resell/detail.html?noTitleBar=1&clusterId=10000002171
10000000234,飞智 FLYDIGI  B9  磁吸式手机散热器 B9,¥82.22,¥99,,,https://i0.hdslb.com/bfs/mall/vendor/67/9d/679d10c6f15e0410ec20d731f30533ee.png,https://mall.bilibili.com/neul-next/resell/detail.html?noTitleBar=1&clusterId=10000000234
10000002846,SKG B3 运动护膝 保健护具 L码（1只）,¥46.8,¥149,最低价仅2件,,https://i0.hdslb.com/bfs/mall/vendor/87/21/8721f045f7c63312bd389a697e775dfe.png,https://mall.bilibili.com/neul-next/resell/detail.html?noTitleBar=1&clusterId=10000002846
10000000738,"前行者（EWEADN）X87HEPro电竞磁轴键盘机械RT0.001客制化星闪悦动有线游戏专用侧刻87键电脑外设 等高线侧刻-欧米伽磁轴-RT0.001-有线


 等高线侧刻-欧米伽磁轴",¥208,¥419,最低价仅1件,,https://i0.hdslb.com/bfs/mall/vendor/95/91/959101d9a1b12b04a61c1dbf7e4989bd.png,https://mall.bilibili.com/neul-next/resell/detail.html?noTitleBar=1&clusterId=10000000738
10000000756,AKKO 5087 V5诡秘之主联名机械键盘蓝牙无线客制化热插拔专业键盘 双8K诡秘之主三模键盘-香菜轴,¥218,¥369,最低价仅1件,诡秘之主热销TOP1,https://i0.hdslb.com/bfs/mall/vendor/45/8f/458f07f44aec62464d932674a74f212d.png,https://mall.bilibili.com/neul-next/resell/detail.html?noTitleBar=1&clusterId=10000000756
10000004070,AKKO 初音未来联名鼠标三模8K游戏办公通用无线蓝牙人体工学鼠标 初音未来鼠标,¥199.98,¥339,最低价仅1件,,https://i0.hdslb.com/bfs/mall/vendor/1c/6b/1c6b0d140c27945a483d3b8ac61e4e7c.png,https://mall.bilibili.com/neul-next/resell/detail.html?noTitleBar=1&clusterId=10000004070
10000003891,漫步者（EDIFIER）Evo Space 头戴式主动降噪蓝牙耳机 蓝牙5.4 双金标认证 93小时续航  贝母白,¥306,¥589,近期涨2元、最低价仅1件,,https://i0.hdslb.com/bfs/mall/vendor/b7/db/b7dbb4c32dfea64d381fda59122447c8.png,https://mall.bilibili.com/neul-next/resell/detail.html?noTitleBar=1&clusterId=10000003891
10000001193,漫步者（EDIFIER）【2025年新款】Auro Clip耳夹式蓝牙耳机 开放式 轻奢电镀工艺 AI翻译 蓝牙6.1 冰透银,¥250,¥499,最低价仅3件,,https://i0.hdslb.com/bfs/mall/vendor/c2/a2/c2a247e63feedba9dede6cbe8c071965.png,https://mall.bilibili.com/neul-next/resell/detail.html?noTitleBar=1&clusterId=10000001193
10000011414,"摩飞电器便携式电动果汁机MR9500
 蓝色",¥108,¥278.99,近期涨4元、最低价仅1件,,https://i0.hdslb.com/bfs/mall/vendor/9a/b2/9ab29d8c8b259b3d6e8a5e7ebcda9a36.png,https://mall.bilibili.com/neul-next/resell/detail.html?noTitleBar=1&clusterId=10000011414
10000005899,漫步者 Zero Air 简约迷你真无线蓝牙5.4耳机手机游戏电竞AI通话降噪耳塞 暮灰,¥69.99,¥129,,,https://i0.hdslb.com/bfs/mall/vendor/73/3e/733ef08ba2a67c924d65c274ff69453c.png,https://mall.bilibili.com/neul-next/resell/detail.html?noTitleBar=1&clusterId=10000005899
10000002853,微星 GK300 W 机械键盘 微星 GK300 W 机械键盘,¥100,¥249,近期涨6元、最低价仅1件,,https://i0.hdslb.com/bfs/mall/vendor/c1/61/c1612f0d5f8413cd5da611a50a2d6bcf.png,https://mall.bilibili.com/neul-next/resell/detail.html?noTitleBar=1&clusterId=10000002853
10000003646,"雷神 三模游戏鼠标ML903 星闪SE 黛青蓝

 雷神 三模游戏鼠标ML903 星闪SE 黛青蓝",¥69.99,¥116,近期涨10元、最低价仅1件,,https://i0.hdslb.com/bfs/mall/vendor/9f/12/9f12d3aa120d067b4c674b5b3f5ec053.png,https://mall.bilibili.com/neul-next/resell/detail.html?noTitleBar=1&clusterId=10000003646
10000001013,雷神双模游戏鼠标ML8 星闪 玫红,¥90,¥199,最低价仅1件,,https://i0.hdslb.com/bfs/mall/vendor/c0/df/c0df106ca7f2c4ec7f491331b1c74534.png,https://mall.bilibili.com/neul-next/resell/detail.html?noTitleBar=1&clusterId=10000001013
10000011990,Razer雷蛇毒蝰V4专业版Pro2.4G轻量化电脑游戏无线鼠标 毒蝰V4专业版（白色）,¥1109.99,¥1299,近期涨19元、最低价仅2件,,https://i0.hdslb.com/bfs/mall/vendor/4f/1b/4f1be2682d0925b15107dbf8e07b5c59.png,https://mall.bilibili.com/neul-next/resell/detail.html?noTitleBar=1&clusterId=10000011990
10000003841,漫步者花再HaloSpace头戴式电竞主动降噪蓝牙耳机双金标认证三模连接空间音频耳麦适用游戏音乐 破晓白,¥550,¥899,最低价仅3件,,https://i0.hdslb.com/bfs/mall/vendor/34/51/3451c424ac8618bb248f459ec67e18de.png,https://mall.bilibili.com/neul-next/resell/detail.html?noTitleBar=1&clusterId=10000003841
10000002845,"雷蛇 炼狱蝰蛇V3极速版

 黑色",¥445,¥699,最低价仅2件,,https://i0.hdslb.com/bfs/mall/vendor/4a/31/4a3183d376d5cf645db47448086a0b1d.png,https://mall.bilibili.com/neul-next/resell/detail.html?noTitleBar=1&clusterId=10000002845
10000001057,"AKKO 3108 V3 晚樱机械键盘可爱女生粉色电竞办公有线笔记本台式电脑通用键盘
  3108 V3 有线 黑金-雪粉轴",¥138,¥199,近期涨53元、最低价仅1件,,https://i0.hdslb.com/bfs/mall/vendor/27/af/27af4c33565d57c1d684d91d2b4921e5.png,https://mall.bilibili.com/neul-next/resell/detail.html?noTitleBar=1&clusterId=10000001057
10000002333,漫步者（EDIFIER）【2025年新款】Auro Clip耳夹式蓝牙耳机 开放式 轻奢电镀工艺 AI翻译 蓝牙6.1 贝母金,¥289,¥499,最低价仅1件,,https://i0.hdslb.com/bfs/mall/vendor/f8/36/f836c6c15cb72e24d6a93fefef55d17e.png,https://mall.bilibili.com/neul-next/resell/detail.html?noTitleBar=1&clusterId=10000002333
10000001789,马克图布巴斯光年系列泡泡头灯潜行战甲款 泡泡头灯-潜行战甲款,¥86.99,¥109,最低价仅1件,迪士尼热销TOP2,https://i0.hdslb.com/bfs/mall/vendor/c1/70/c1700126e6c611baae729db36c3a8706.png,https://mall.bilibili.com/neul-next/resell/detail.html?noTitleBar=1&clusterId=10000001789
10000001964,FEELALL 拢袖方圆 无线充电手机支架 完颜婷款 ,¥45,¥300,最低价仅2件,,https://i0.hdslb.com/bfs/mall/mall/93/58/935857ddaf98d44739e4de3d6a622625.png,https://mall.bilibili.com/neul-next/resell/detail.html?noTitleBar=1&clusterId=10000001964
10000011759,FEELALL 异想少女 鼠标垫 异想少女 万圣款,¥12,¥55,最低价仅3件,,https://i0.hdslb.com/bfs/mall/mall/56/a1/56a153b621a89cff7cd37abac8461227.png,https://mall.bilibili.com/neul-next/resell/detail.html?noTitleBar=1&clusterId=10000011759
10000012146,美的（Midea）烧水壶  MK-AEK17S01 MK-AEK17S01,¥48,¥159,最低价仅2件,,https://i0.hdslb.com/bfs/mall/vendor/b5/a4/b5a496b1b8898787dc5d80e5e912026f.png,https://mall.bilibili.com/neul-next/resell/detail.html?noTitleBar=1&clusterId=10000012146
10000005706,Razer 雷蛇 新世纪福音战士 EVA 二号机联名 毒蝰V3专业版无线鼠标 新世界福音战士二号机联名款鼠标,¥917,¥1189.15,最低价仅1件,,https://i0.hdslb.com/bfs/mall/vendor/20/af/20af98e6bdad082c815ca7ae313c4650.png,https://mall.bilibili.com/neul-next/resell/detail.html?noTitleBar=1&clusterId=10000005706
10000005274,黑爵（AJAZZ）ALUX60铝合金CNC磁轴机械键盘60键热插拔8K回报率 TITAN 银耳轴粉透有线 RGB  ALUX60 TITAN 银耳轴 粉色透明 有线,¥280,¥599,最低价仅2件,,https://i0.hdslb.com/bfs/mall/vendor/1d/4e/1d4e3bd81419b6265f1b2d6889bdc12b.png,https://mall.bilibili.com/neul-next/resell/detail.html?noTitleBar=1&clusterId=10000005274
10000007153,sanag B33S 骨传导游泳蓝牙耳机跑步运动专用耳挂IPX8级防水 B33S 野趣蓝,¥134,¥249,最低价仅1件,,https://i0.hdslb.com/bfs/mall/vendor/92/ff/92ff0ac9e91765ef6550489ffc686618.png,https://mall.bilibili.com/neul-next/resell/detail.html?noTitleBar=1&clusterId=10000007153
10000000093,前行者（EWEADN）VX01耳机7.1有线版 白粉,¥74,¥109,最低价仅3件,,https://i0.hdslb.com/bfs/mall/vendor/8e/dd/8eddda6d9183a11b98c0e229b571dea7.png,https://mall.bilibili.com/neul-next/resell/detail.html?noTitleBar=1&clusterId=10000000093
10000002686,漫步者（EDIFIER）G4PRO 头戴式游戏耳机有线电竞专用 台式电脑笔记本 雾光粉,¥199,¥399,近期涨14元、最低价仅1件,,https://i0.hdslb.com/bfs/mall/vendor/26/77/2677e3aecd2e45da4f8cca99467b42ed.png,https://mall.bilibili.com/neul-next/resell/detail.html?noTitleBar=1&clusterId=10000002686
10000004338,漫步者（EDIFIER）Lolli Pro SE 真无线主动降噪蓝牙耳机 蓝牙6.0 AI翻译 适用苹果华为小米OPPO手机 云岩白,¥199,¥299,近期涨64元、最低价仅1件,,https://i0.hdslb.com/bfs/mall/vendor/47/2a/472a4b78f77fc682bb8dc6b90ef49db3.png,https://mall.bilibili.com/neul-next/resell/detail.html?noTitleBar=1&clusterId=10000004338
10000004492,马克图布 Hello Kitty摆件灯-惊喜礼物款 HelloKitty惊喜摆件灯,¥80,¥149,最低价仅1件,,https://i0.hdslb.com/bfs/mall/vendor/1c/13/1c1398617bf8f8391cd7ef2ea96b8890.png,https://mall.bilibili.com/neul-next/resell/detail.html?noTitleBar=1&clusterId=10000004492
10000007892,CHERRY K37无线三模键盘 黑色,¥115.5,¥249,,,https://i0.hdslb.com/bfs/mall/vendor/c7/af/c7af55dfea3258a4cf8ffd0c779a8a3b.png,https://mall.bilibili.com/neul-next/resell/detail.html?noTitleBar=1&clusterId=10000007892
10000002232,黑爵（AJAZZ）AF68三模连接小配列半透双色键帽RGB薄膜键盘 AF68 白色 三模 RGB,¥99,¥229,最低价仅2件,,https://i0.hdslb.com/bfs/mall/vendor/55/1a/551a235f64ac66ad252525c1991ac136.png,https://mall.bilibili.com/neul-next/resell/detail.html?noTitleBar=1&clusterId=10000002232
10000000257,雷神双模游戏鼠标ML8 星闪  蓝,¥160,¥199,最低价仅1件,,https://i0.hdslb.com/bfs/mall/vendor/6e/39/6e39baedd3b2cf8c15027aa37df1bb8c.png,https://mall.bilibili.com/neul-next/resell/detail.html?noTitleBar=1&clusterId=10000000257
10000000975,ROG玩家国度 棱镜 耳机 棱镜S 标准版,¥330,¥469,最低价仅1件,,https://i0.hdslb.com/bfs/mall/vendor/8f/cf/8fcf70cb0b33f4e97c4e8c3c83245535.png,https://mall.bilibili.com/neul-next/resell/detail.html?noTitleBar=1&clusterId=10000000975
10000003608,华硕 PRIME-RTX5060TI-O8G 显卡 PRIME-RTX5060TI-O8G,¥3777,¥3899,最低价仅1件,,https://i0.hdslb.com/bfs/mall/mall/72/9d/729d198946a8591ea1f934f33517ce83.png,https://mall.bilibili.com/neul-next/resell/detail.html?noTitleBar=1&clusterId=10000003608
10000003542,小米无线鼠标3 彩色舒适版 黑,¥88,¥99,最低价仅2件,,https://i0.hdslb.com/bfs/mall/vendor/f7/14/f7141dc03449e26bbacbe0c7dda7bb96.png,https://mall.bilibili.com/neul-next/resell/detail.html?noTitleBar=1&clusterId=10000003542
10000004114,小米（MI）米家智能除菌加湿器2 4.5L 加湿器2,¥105,¥210,最低价仅2件,,https://i0.hdslb.com/bfs/mall/vendor/24/9a/249a8b10c7a06b1b0af8262717f97f79.png,https://mall.bilibili.com/neul-next/resell/detail.html?noTitleBar=1&clusterId=10000004114
10000007235,FIIL GS Lite开放式无线蓝牙挂耳 黑色,¥158,¥229,近期涨18元、最低价仅1件,,https://i0.hdslb.com/bfs/mall/vendor/1c/93/1c93ea6c39d1388cf8cdea536c9eec13.png,https://mall.bilibili.com/neul-next/resell/detail.html?noTitleBar=1&clusterId=10000007235
10000002119,漫步者 Zero Air 简约迷你真无线蓝牙5.3耳机手机游戏电竞AI通话降噪耳塞 夏紫,¥82,¥129,近期涨17元、最低价仅1件,,https://i0.hdslb.com/bfs/mall/vendor/60/24/602492c45f7ce0f3da6e1c19fe733b4a.png,https://mall.bilibili.com/neul-next/resell/detail.html?noTitleBar=1&clusterId=10000002119
10000005730,FEELALL 星空旋律 鼠标垫+FEELALL 夏日恋曲 亚克力手机支架+FEELALL 星空旋律 软胶挂件 第二批  音理款鼠标垫+挂件&千夏款支架,¥16,¥85,最低价仅1件,,https://i0.hdslb.com/bfs/mall/mall/27/f0/27f02e0f43c09a4fd11500f0561ee66d.png,https://mall.bilibili.com/neul-next/resell/detail.html?noTitleBar=1&clusterId=10000005730
10000004351,FEELALL 星空旋律 鼠标垫+FEELALL 夏日恋曲 亚克力手机支架+FEELALL 星空旋律 软胶挂件 第二批 茉绪款鼠标垫+挂件&诺伊款支架,¥16,¥85,最低价仅1件,,https://i0.hdslb.com/bfs/mall/mall/b8/05/b80524363b4069500f7dd4cec1b5e075.png,https://mall.bilibili.com/neul-next/resell/detail.html?noTitleBar=1&clusterId=10000004351
10000003761,sanag X6SII 无线蓝牙音箱迷你便携重低音免提通话户外旅游插卡音响礼物 X6SII 黑沙滩,¥46,¥99,最低价仅1件,,https://i0.hdslb.com/bfs/mall/vendor/21/01/21018b8309cf354e7e930ac6a7bf8f7b.png,https://mall.bilibili.com/neul-next/resell/detail.html?noTitleBar=1&clusterId=10000003761
10000005139,罗技G309原神联名-神里绫华定制版蓝牙鼠标 神里绫华联名款,¥197.99,¥299,近期涨53元、最低价仅1件,,https://i0.hdslb.com/bfs/mall/vendor/b4/ef/b4ef396a0939f4be743fd665b7a462ed.png,https://mall.bilibili.com/neul-next/resell/detail.html?noTitleBar=1&clusterId=10000005139
10000001869,漫步者 Zero Air 简约迷你真无线蓝牙5.3耳机手机游戏电竞AI通话降噪耳塞 烟粉,¥80,¥129,最低价仅1件,,https://i0.hdslb.com/bfs/mall/vendor/27/05/2705936fee65c578de3c1c61aeeb365f.png,https://mall.bilibili.com/neul-next/resell/detail.html?noTitleBar=1&clusterId=10000001869
10000000105,"AKKO 馒头乐园无线蓝牙双模办公鼠标女生高颜值静音无线便携鼠标
 馒头乐园蓝牙无线办公鼠标",¥75,¥99,最低价仅2件,,https://i0.hdslb.com/bfs/mall/vendor/87/09/8709a245601c6b75e19f60a6d8bd67c3.png,https://mall.bilibili.com/neul-next/resell/detail.html?noTitleBar=1&clusterId=10000000105
10000000237,马克图布 桌面风扇-Hello Kitty标准版 HelloKitty桌面风扇-标准版,¥80,¥129,最低价仅2件,,https://i0.hdslb.com/bfs/mall/vendor/f2/e0/f2e04df3a8dea560164be990094b133b.png,https://mall.bilibili.com/neul-next/resell/detail.html?noTitleBar=1&clusterId=10000000237
10000002847,"雷神三模游戏鼠标ML903mini 星闪 （ 带底座）
 白",¥149,¥299,最低价仅1件,,https://i0.hdslb.com/bfs/mall/vendor/60/4c/604c2c6202f13d2c943c9d1718ee38e8.png,https://mall.bilibili.com/neul-next/resell/detail.html?noTitleBar=1&clusterId=10000002847
10000005723,AKKO 5108 V5 猪猪派对机械键盘热升华蓝牙无线小馒头电竞办公娱乐双8K键盘 猪猪派对三模机械键盘-奶黄轴 V5Ultra,¥320,¥399,最低价仅3件,,https://i0.hdslb.com/bfs/mall/vendor/1c/66/1c669274129a069eab31077b9c198f53.png,https://mall.bilibili.com/neul-next/resell/detail.html?noTitleBar=1&clusterId=10000005723
10000002509,联想（Lenovo） DDR4 台式机内存条 3200/8GB,¥299,¥399,最低价仅1件,,https://i0.hdslb.com/bfs/mall/vendor/e6/ac/e6ac6eb00a193ce84b508a98bcc5afcb.png,https://mall.bilibili.com/neul-next/resell/detail.html?noTitleBar=1&clusterId=10000002509
10000002291,AKKO AG ONE L 罗小黑联名鼠标无线蓝牙双模电竞办公电脑通用鼠标 AG ONE-L罗小黑双模鼠标,¥69.98,¥129,最低价仅1件,罗小黑战记热销TOP3,https://i0.hdslb.com/bfs/mall/vendor/27/3c/273c9d825b38493da0a3b4d054d10725.png,https://mall.bilibili.com/neul-next/resell/detail.html?noTitleBar=1&clusterId=10000002291
10000009562,苏泊尔（SUPOR）养生壶 5段调温 高硼硅 24小时预约 1.5l容量SW-15Y19 SW-15Y19,¥87,¥229,最低价仅2件,,https://i0.hdslb.com/bfs/mall/vendor/45/ee/45eea0371ac9631257aa2c155b19db23.png,https://mall.bilibili.com/neul-next/resell/detail.html?noTitleBar=1&clusterId=10000009562
10000001928,"前行者（EWEADN）Q9 双模鼠标
 月陶白",¥45.55,¥99,,,https://i0.hdslb.com/bfs/mall/vendor/9a/dc/9adcb9087f7a406842c6958d990f39be.png,https://mall.bilibili.com/neul-next/resell/detail.html?noTitleBar=1&clusterId=10000001928
10000002442,"华为FreeBuds 7i 真无线蓝牙降噪耳机
 樱语粉",¥356,¥599,最低价仅1件,,https://i0.hdslb.com/bfs/mall/vendor/04/c5/04c5cb6322865b902ed089fd6c65ab91.png,https://mall.bilibili.com/neul-next/resell/detail.html?noTitleBar=1&clusterId=10000002442
10000000733,漫步者（EDIFIER）无线蓝牙TWS S8智能版6.0 AI翻译音乐耳机新款 适用于苹果华为小米手机  男女生送礼 情人节礼物 智能版 白色,¥188,¥299,最低价仅1件,,https://i0.hdslb.com/bfs/mall/vendor/31/c5/31c501df4f2ce104f454ad8e3b100535.png,https://mall.bilibili.com/neul-next/resell/detail.html?noTitleBar=1&clusterId=10000000733
10000003972,黑爵（AJAZZ）NJ 08 三模电竞游戏鼠标 NS08 三模 白色 RGB 6档DPI NJ08 三模 黑色 RGB 6档DPI,¥39,¥89,最低价仅1件,,https://i0.hdslb.com/bfs/mall/vendor/9b/5c/9b5c8d207523c567107d8719a5b32fe8.png,https://mall.bilibili.com/neul-next/resell/detail.html?noTitleBar=1&clusterId=10000003972
10000002335,"华为FreeBuds 7i 真无线蓝牙降噪耳机
 贝母白",¥360,¥459,近期涨38元、最低价仅1件,,https://i0.hdslb.com/bfs/mall/vendor/3c/b9/3cb9e48c2f369000cc401d109b6850a4.png,https://mall.bilibili.com/neul-next/resell/detail.html?noTitleBar=1&clusterId=10000002335
10000004234,MelGeek MADE68 ULTRA+ EVA联名磁轴键盘 铝坨坨 电竞键盘 MADE68 ULTRA+ EVA,¥1250,¥1749,最低价仅2件,,https://i0.hdslb.com/bfs/mall/vendor/68/58/685861208ab6f1c2e1d288ee3513d0bf.png,https://mall.bilibili.com/neul-next/resell/detail.html?noTitleBar=1&clusterId=10000004234
10000001449,"前行者（EWEADN）Q9 双模鼠标
 胭脂粉",¥85,¥99,最低价仅1件,,https://i0.hdslb.com/bfs/mall/vendor/75/1f/751f855c17490ebcfc972c933552ce67.png,https://mall.bilibili.com/neul-next/resell/detail.html?noTitleBar=1&clusterId=10000001449
10000007010,达尔优（dareu）COOL68/60磁轴键盘RT电竞游戏机械键盘8K回报率热插拔RGB双驱动无畏契约 COOL68云海蓝-影刃磁轴,¥269,¥389,最低价仅1件,,https://i0.hdslb.com/bfs/mall/vendor/cd/84/cd8415231773f56195146dc2243103c4.png,https://mall.bilibili.com/neul-next/resell/detail.html?noTitleBar=1&clusterId=10000007010
10000008389,黑爵（AJAZZ）AK820V2无线机械键盘三模81键热插拔Gasket结构电竞游戏键盘10000mAh长续航 手托+旋钮+TFT彩屏 AK820 V2 白桃轴 等高线白,¥180,¥329,最低价仅1件,,https://i0.hdslb.com/bfs/mall/vendor/d5/c0/d5c03eaea13b34c11e7116bf8f1b916b.png,https://mall.bilibili.com/neul-next/resell/detail.html?noTitleBar=1&clusterId=10000008389
10000002464,"外星人（Alienware）AW610M无线双模鼠标
 AW610M黑色",¥420,¥459,最低价仅2件,,https://i0.hdslb.com/bfs/mall/vendor/2b/a2/2ba2b6666f58b83d8e0c39a2ca3d2587.png,https://mall.bilibili.com/neul-next/resell/detail.html?noTitleBar=1&clusterId=10000002464
10000008602,黑爵（AJAZZ）AK820V2无线机械键盘三模81键热插拔Gasket结构电竞游戏键盘10000mAh长续航 手托+旋钮+TFT彩屏 AK820 V2 白桃轴 等高线黑,¥178.9,¥329,最低价仅1件,,https://i0.hdslb.com/bfs/mall/vendor/66/c8/66c8e4589403a45fa78b1c423708206d.png,https://mall.bilibili.com/neul-next/resell/detail.html?noTitleBar=1&clusterId=10000008602
10000002937,Apple AirPods 4 支持主动降噪,¥1070,¥1399,最低价仅1件,,https://i0.hdslb.com/bfs/mall/vendor/d9/51/d951a6cc098341cace454a025f9eeccd.png,https://mall.bilibili.com/neul-next/resell/detail.html?noTitleBar=1&clusterId=10000002937
10000000881,雷神有线磁轴键盘VIC68 有线全键热插拔 变幻紫,¥299,¥599,最低价仅1件,,https://i0.hdslb.com/bfs/mall/vendor/b2/c9/b2c95fa583e81f85bb09415e73f4e695.png,https://mall.bilibili.com/neul-next/resell/detail.html?noTitleBar=1&clusterId=10000000881
10000003313,"米家自动香氛机2套装
 白色",¥60,¥99,最低价仅1件,,https://i0.hdslb.com/bfs/mall/vendor/76/77/76778821329bf0efa84ccb0a533847c4.png,https://mall.bilibili.com/neul-next/resell/detail.html?noTitleBar=1&clusterId=10000003313
10000001795,奕狐 小黄鸭无线蓝牙游戏手柄 震动体感PC电脑平板游戏 元气绿面壳+黑手柄,¥73,¥199,最低价仅1件,,https://i0.hdslb.com/bfs/mall/vendor/4c/8b/4c8be864cb3e45d3f163ad36c8d56cc6.png,https://mall.bilibili.com/neul-next/resell/detail.html?noTitleBar=1&clusterId=10000001795
10000000291,Razer雷蛇毒蝰V4专业版Pro2.4G轻量化电脑游戏无线鼠标 毒蝰V4专业版（黑色）,¥1167,¥1299,最低价仅1件,,https://i0.hdslb.com/bfs/mall/vendor/99/7d/997d771dc3edac8d8830f368de118de8.png,https://mall.bilibili.com/neul-next/resell/detail.html?noTitleBar=1&clusterId=10000000291
10000003362,达尔优（dareu）LK165办公游戏全键无冲104键ABS双色注塑透光铝合金面板有线机械键盘混光白蓝太空主题 白色混光-青轴,¥78,¥158,最低价仅1件,,https://i0.hdslb.com/bfs/mall/vendor/87/8b/878b624486e495dc1460c13bd364501d.png,https://mall.bilibili.com/neul-next/resell/detail.html?noTitleBar=1&clusterId=10000003362
10000000230,狼蛛（AULA） SC620 无线三模鼠标 白色,¥64,¥119,,,https://i0.hdslb.com/bfs/mall/vendor/c3/18/c318c9b967001ec1655917b892b1411e.png,https://mall.bilibili.com/neul-next/resell/detail.html?noTitleBar=1&clusterId=10000000230
10000002342, 漫步者（EDIFIER）Comfo Clip Q蓝牙耳机 耳夹式不入耳无线开放式运动跑步游戏 奶霜白,¥280,¥399,最低价仅2件,,https://i0.hdslb.com/bfs/mall/vendor/16/ff/16ffc0741e045aba55531772914d2dc4.png,https://mall.bilibili.com/neul-next/resell/detail.html?noTitleBar=1&clusterId=10000002342
10000002600,"CHERRY x 精灵宝可梦联名 MX3.0有线机械键盘绿色铝制边框皮卡丘主题键帽红轴
 MX3.0s NBL闪电款",¥390,¥499,最低价仅1件,,https://i0.hdslb.com/bfs/mall/vendor/52/d9/52d9318bf733af16275d3624ce75c1e3.png,https://mall.bilibili.com/neul-next/resell/detail.html?noTitleBar=1&clusterId=10000002600
10000004842,黑爵（AJAZZ）AJ200无线轻量化AI游戏鼠标三模连接PWA3950低延迟游戏电竞磁吸充电底座  AJ200ultra AI 三模 白色,¥190,¥359,,,https://i0.hdslb.com/bfs/mall/vendor/6f/29/6f29a37ec81667319469f06192fc6f3b.png,https://mall.bilibili.com/neul-next/resell/detail.html?noTitleBar=1&clusterId=10000004842
10000006086,FEELALL 星空旋律 鼠标垫+FEELALL 夏日恋曲 亚克力手机支架+FEELALL 星空旋律 软胶挂件 第二批  叶月款鼠标垫+挂件&优里款支架,¥16,¥85,最低价仅2件,,https://i0.hdslb.com/bfs/mall/mall/d0/64/d064aa17a85b2afc4e64c6eb60f26aea.png,https://mall.bilibili.com/neul-next/resell/detail.html?noTitleBar=1&clusterId=10000006086
10000002858,马克图布三丽鸥系列 Hello Kitty苹果许愿精灵蓝牙音箱 HelloKitty苹果许愿音箱,¥125,¥199,最低价仅1件,,https://i0.hdslb.com/bfs/mall/vendor/0d/d2/0dd20a2d8e92404676b196564fab0e34.png,https://mall.bilibili.com/neul-next/resell/detail.html?noTitleBar=1&clusterId=10000002858
10000004890,FIIL Key Pro2 真无线降噪蓝牙耳机 黑色,¥118,¥273,最低价仅3件,,https://i0.hdslb.com/bfs/mall/vendor/63/9a/639ae4e3fa63b9fe04a131f72bf39e4b.png,https://mall.bilibili.com/neul-next/resell/detail.html?noTitleBar=1&clusterId=10000004890
10000003893,CHERRY AI智能鼠标（Deepseek&星火大模型） 白色,¥115,¥399,最低价仅1件,,https://i0.hdslb.com/bfs/mall/vendor/cc/0b/cc0b852b7382a5842796670ae340f077.png,https://mall.bilibili.com/neul-next/resell/detail.html?noTitleBar=1&clusterId=10000003893
10000000158,狼蛛（AULA） SC620 无线三模鼠标 黑色,¥64,¥119,,,https://i0.hdslb.com/bfs/mall/vendor/64/00/6400ed3bf3fa33f4cb7734b9bee13ead.png,https://mall.bilibili.com/neul-next/resell/detail.html?noTitleBar=1&clusterId=10000000158
10000009591,苏泊尔（SUPOR）空气炸锅 烤箱一体机无油烟电炸锅大功率5L蒸汽嫩炸免翻面 KJ50D67 KJ50D67,¥139,¥309,最低价仅1件,,https://i0.hdslb.com/bfs/mall/vendor/ed/6b/ed6b6aa00e918182a5f416d2422d46f3.png,https://mall.bilibili.com/neul-next/resell/detail.html?noTitleBar=1&clusterId=10000009591
10000002376,小米小爱音箱Play 白,¥79.9,¥99,最低价仅2件,,https://i0.hdslb.com/bfs/mall/vendor/7c/b6/7cb6127d0e22aacec28fc001f65deb06.png,https://mall.bilibili.com/neul-next/resell/detail.html?noTitleBar=1&clusterId=10000002376
10000002817,罗技G102有线游戏鼠标 白色,¥77.77,¥149,最低价仅1件,,https://i0.hdslb.com/bfs/mall/mall/d3/15/d31572256f063195dc489f88028bfeb0.png,https://mall.bilibili.com/neul-next/resell/detail.html?noTitleBar=1&clusterId=10000002817
10000004579,sanag B33S 骨传导游泳蓝牙耳机跑步运动专用耳挂IPX8级防水 B33S 沙砾米,¥145,¥249,最低价仅1件,,https://i0.hdslb.com/bfs/mall/vendor/fa/df/fadf0467ad939f7c2665f486e27a0be7.png,https://mall.bilibili.com/neul-next/resell/detail.html?noTitleBar=1&clusterId=10000004579
10000007503,华硕（ASUS）DUAL GeForce RTX 5050 O8G 电竞游戏显卡 5050,¥2469,¥2499,最低价仅1件,,https://i0.hdslb.com/bfs/mall/vendor/17/a1/17a17dbc2ee5b1d31555ea6a3b7b972e.png,https://mall.bilibili.com/neul-next/resell/detail.html?noTitleBar=1&clusterId=10000007503
10000003900,"米家自动香氛机2套装
 粉色",¥70,¥99,最低价仅2件,,https://i0.hdslb.com/bfs/mall/vendor/bc/b9/bcb912dab6a33e9e1d75b8a991513456.png,https://mall.bilibili.com/neul-next/resell/detail.html?noTitleBar=1&clusterId=10000003900
10000006130,CHERRY 精灵宝可梦 MW5180鼠标 白色,¥110,¥119,最低价仅1件,精灵宝可梦热销TOP4,https://i0.hdslb.com/bfs/mall/vendor/b8/86/b8867a776ad4c5e3bfbb9d6fed5b6ec0.png,https://mall.bilibili.com/neul-next/resell/detail.html?noTitleBar=1&clusterId=10000006130
10000010038,"金百达（KINGBANK）黑爵系列 DDR4 内存条
 8G-2666",¥249,¥330,最低价仅1件,,https://i0.hdslb.com/bfs/mall/vendor/a7/53/a753f45b54f9c3657eb095c344f8cb60.png,https://mall.bilibili.com/neul-next/resell/detail.html?noTitleBar=1&clusterId=10000010038
10000003053,小米无线鼠标3 彩色舒适版 白,¥66,¥99,最低价仅1件,,https://i0.hdslb.com/bfs/mall/vendor/54/b8/54b8a5d48de6baad5ba8c750aebe95b7.png,https://mall.bilibili.com/neul-next/resell/detail.html?noTitleBar=1&clusterId=10000003053
10000003364,红魔 电竞机械键盘 TTC轴体 Gaske结构 热插拔底座 魔云智控屏显交互 100键紧凑型 悬浮PBT键帽 三模连接 1680万RGB炫彩灯效 GK001J 氘峰透明GK001J,¥540,¥1299,最低价仅1件,,https://i0.hdslb.com/bfs/mall/vendor/1f/b6/1fb621dfe89d1c331a23c2e7f1c76801.png,https://mall.bilibili.com/neul-next/resell/detail.html?noTitleBar=1&clusterId=10000003364
10000001008,黑爵（AJAZZ）AF68三模连接小配列半透双色键帽RGB薄膜键盘 AF68 黑色 三模 RGB,¥95,¥229,最低价仅3件,,https://i0.hdslb.com/bfs/mall/vendor/c8/4f/c84f9b5cbe65166f468a94af9d69f03e.png,https://mall.bilibili.com/neul-next/resell/detail.html?noTitleBar=1&clusterId=10000001008
10000002476,洛斐LOFREE OE929 布丁双模无线鼠标-粉底液 布丁双模无线鼠标-粉底液,¥214,¥329,最低价仅1件,,https://i0.hdslb.com/bfs/mall/vendor/8c/8b/8c8bee0c7e073d3f483ba17fec507682.png,https://mall.bilibili.com/neul-next/resell/detail.html?noTitleBar=1&clusterId=10000002476
10000006080,奕狐 小黄鸭无线蓝牙游戏手柄 震动体感PC电脑平板游戏 俏皮黄面壳+黑手柄,¥71,¥199,最低价仅1件,,https://i0.hdslb.com/bfs/mall/vendor/42/ff/42ff8dacece28e6a0ab209b906edc114.png,https://mall.bilibili.com/neul-next/resell/detail.html?noTitleBar=1&clusterId=10000006080
10000001870,品胜新世纪福音战士EVA初号机联名款35W二合一可拆卸电霸10000毫安充电宝+充电头 曙光紫,¥200,¥219,最低价仅3件,,https://i0.hdslb.com/bfs/mall/vendor/d5/7a/d57aa4c324c0b9d893c5488882baea53.png,https://mall.bilibili.com/neul-next/resell/detail.html?noTitleBar=1&clusterId=10000001870
10000002152,SKG B3 运动护膝 保健护具 XL码（1只）,¥59,¥149,最低价仅1件,,https://i0.hdslb.com/bfs/mall/vendor/dd/9b/dd9be22170b647d6ed95f3d786fe2f97.png,https://mall.bilibili.com/neul-next/resell/detail.html?noTitleBar=1&clusterId=10000002152
10000000271,"CHERRY x 精灵宝可梦联名 MX3.0RGB彩光无线三模机械键盘皮卡丘主题 三透键帽
 皮卡丘",¥690,¥899,最低价仅2件,,https://i0.hdslb.com/bfs/mall/vendor/e5/81/e58175dae3f818dea595dd4eb26577ba.png,https://mall.bilibili.com/neul-next/resell/detail.html?noTitleBar=1&clusterId=10000000271
10000011858,影石Insta360  Flow 2 PRO 手机稳定器 手持云台 Flow2 Pro手持云台标准套装遐想灰,¥540,¥999,最低价仅1件,,https://i0.hdslb.com/bfs/mall/vendor/ec/87/ec874a7c86e16f95b65a0c0954de2b8c.png,https://mall.bilibili.com/neul-next/resell/detail.html?noTitleBar=1&clusterId=10000011858
10000000865,FIIL Key Pro2 真无线降噪蓝牙耳机 白色,¥199,¥273,最低价仅1件,,https://i0.hdslb.com/bfs/mall/vendor/db/6b/db6bfd8ba57f1fb715b73e29f3143b3c.png,https://mall.bilibili.com/neul-next/resell/detail.html?noTitleBar=1&clusterId=10000000865
10000003384,狼蛛（AULA）S2022 有线背光机械键盘 白色,¥80,¥99.9,最低价仅1件,,https://i0.hdslb.com/bfs/mall/vendor/2c/22/2c22af84de1bff4c1223c7d99d9c9b27.png,https://mall.bilibili.com/neul-next/resell/detail.html?noTitleBar=1&clusterId=10000003384
10000007687,Luxub 初音未来 纸杯蛋糕耳夹耳机 绿色,¥108.8,¥139,最低价仅1件,,https://i0.hdslb.com/bfs/mall/vendor/f3/b3/f3b325bbfa539604316f6dcc3206ef0c.jpg,https://mall.bilibili.com/neul-next/resell/detail.html?noTitleBar=1&clusterId=10000007687
10000001519,moeyu VOCALOID 初音未来 多功能拼图风扇 多功能拼图风扇,¥50.9,¥99,最低价仅1件,,https://i0.hdslb.com/bfs/mall/vendor/23/1f/231f46a614b8c76542a28a33e155761c.png,https://mall.bilibili.com/neul-next/resell/detail.html?noTitleBar=1&clusterId=10000001519
10000006552,大疆 DJI Osmo Pocket 4 标准版 DJI Osmo Pocket 4 标准版,¥2845,¥2999,最低价仅1件,,https://i0.hdslb.com/bfs/mall/vendor/3b/98/3b9804b70f541a341d8c5b54d9a19828.png,https://mall.bilibili.com/neul-next/resell/detail.html?noTitleBar=1&clusterId=10000006552
10000006208,"华为FreeBuds 7i 真无线蓝牙降噪耳机
 贝母白",¥348,¥599,近期涨22元、最低价仅1件,,https://i0.hdslb.com/bfs/mall/vendor/70/43/704383a7b92fe433bb2d8c0ee221b764.png,https://mall.bilibili.com/neul-next/resell/detail.html?noTitleBar=1&clusterId=10000006208
10000007642,前行者（EWEADN）DK87青轴侧刻下灯位RGB三模键盘 黑莓渐变,¥90,¥189,最低价仅2件,,https://i0.hdslb.com/bfs/mall/vendor/b9/12/b91254c329c42927433e43d5e4591c2f.png,https://mall.bilibili.com/neul-next/resell/detail.html?noTitleBar=1&clusterId=10000007642
10000001006,雷神 三模游戏鼠标 ML903mini 8K竞技版 鹦鹉绿 雷神 三模游戏鼠标 ML903mini 8K竞技版,¥99,¥229,最低价仅2件,,https://i0.hdslb.com/bfs/mall/vendor/80/4a/804afcaa4b637b6c68fe70b695aa568f.png,https://mall.bilibili.com/neul-next/resell/detail.html?noTitleBar=1&clusterId=10000001006
10000009086,黑爵（AJAZZ）AJ200无线轻量化AI游戏鼠标三模连接PWA3950低延迟游戏电竞磁吸充电底座  AJ200ultra AI 三模 黑色,¥196,¥359,最低价仅1件,,https://i0.hdslb.com/bfs/mall/vendor/9c/cd/9ccde17f46b729bb34c54d7292206044.png,https://mall.bilibili.com/neul-next/resell/detail.html?noTitleBar=1&clusterId=10000009086
10000002849,漫步者（EDIFIER）悦影耳夹 耳夹式蓝牙耳机 开放式耳机 自带补妆镜 适用苹果华为小米OPPO手机 冰川蓝,¥309.99,¥659,最低价仅1件,,https://i0.hdslb.com/bfs/mall/vendor/06/ce/06ceef29cc3622f6db5616776f4a2b58.png,https://mall.bilibili.com/neul-next/resell/detail.html?noTitleBar=1&clusterId=10000002849
10000001746,sanag T20S 半入耳式无线蓝牙耳机适用小米苹果华为手机通话降噪 T20S 风暴黑,¥120,¥169,最低价仅1件,,https://i0.hdslb.com/bfs/mall/vendor/91/22/9122eb7a8fc8b3c781d4a25b8b39bff7.png,https://mall.bilibili.com/neul-next/resell/detail.html?noTitleBar=1&clusterId=10000001746
10000001528,AKKO 初音未来 联名款大桌垫 游戏办公专用防水鼠标垫可爱女生防滑垫 初音未来鼠标垫,¥50,¥69,最低价仅1件,,https://i0.hdslb.com/bfs/mall/vendor/ec/60/ec600be6a10cdc946c555dec5bb9ff06.png,https://mall.bilibili.com/neul-next/resell/detail.html?noTitleBar=1&clusterId=10000001528
10000006779,华硕 TUF VG249Q3A 23.8英寸 Fast IPS 180Hz 电竞显示器 1ms(GTG) 游戏小金刚 VG249Q3A,¥699,¥749,近期涨243元、最低价仅1件,,https://i0.hdslb.com/bfs/mall/vendor/e6/6b/e66bcefde81ec7619149ecc9adb66881.png,https://mall.bilibili.com/neul-next/resell/detail.html?noTitleBar=1&clusterId=10000006779
10000003354,漫步者（EDIFIER）无线蓝牙TWS S8智能版6.0 AI翻译音乐耳机新款 适用于苹果华为小米手机  男女生送礼 情人节礼物 白色,¥95,¥299,最低价仅1件,,https://i0.hdslb.com/bfs/mall/vendor/bc/7e/bc7e2cca38105201fa20a50c3b566a29.png,https://mall.bilibili.com/neul-next/resell/detail.html?noTitleBar=1&clusterId=10000003354
10000006211,FEELALL 异想少女 鼠标垫 艾米 七夕款,¥12,¥55,最低价仅1件,,https://i0.hdslb.com/bfs/mall/mall/6e/38/6e38af2ce23eeb626ad65d268099c453.png,https://mall.bilibili.com/neul-next/resell/detail.html?noTitleBar=1&clusterId=10000006211
10000002084,米家自动洗手机1s套装    白色,¥64.99,¥79,最低价仅3件,,https://i0.hdslb.com/bfs/mall/vendor/77/3b/773b997002abe4022e5b4e69dad838ca.png,https://mall.bilibili.com/neul-next/resell/detail.html?noTitleBar=1&clusterId=10000002084
10000002843,ROG月刃2 ACE 三模无线游戏鼠标  黑色,¥599,¥899,最低价仅1件,,https://i0.hdslb.com/bfs/mall/vendor/0a/45/0a45cff7ae16a62c0b868438b4aca1b1.png,https://mall.bilibili.com/neul-next/resell/detail.html?noTitleBar=1&clusterId=10000002843
10000012147,美的（Midea）养生壶MK-YSN1510 MK-YSN1510,¥68,¥199,最低价仅1件,,https://i0.hdslb.com/bfs/mall/vendor/c6/e1/c6e111ee34443d88892c3ea0a7a5b89b.png,https://mall.bilibili.com/neul-next/resell/detail.html?noTitleBar=1&clusterId=10000012147
10000006747,Luxub 初音未来款 彩色打印相机 绿色,¥390,¥599,最低价仅1件,,https://i0.hdslb.com/bfs/mall/vendor/6a/78/6a78a8c210bacf0bd4ee5688dc4fc45c.png,https://mall.bilibili.com/neul-next/resell/detail.html?noTitleBar=1&clusterId=10000006747
10000003321,"小米（MI）Redmi Buds 7S 半入耳主动降噪 蓝牙耳机
 子夜黑",¥148.6,¥199,最低价仅1件,,https://i0.hdslb.com/bfs/mall/vendor/07/fd/07fdd99a30d0a1323b9a2560af537f53.png,https://mall.bilibili.com/neul-next/resell/detail.html?noTitleBar=1&clusterId=10000003321
10000000749,雷蛇（Razer）Nari影鲛终级版 超感头戴式无线游戏耳机 双模连接 THX空间音效 幻彩灯光 7.1声道 吃鸡耳麦 影鲛终极版,¥415,¥899,最低价仅1件,,https://i0.hdslb.com/bfs/mall/vendor/70/44/7044e11a8d177d5530d0563cf2eda22e.png,https://mall.bilibili.com/neul-next/resell/detail.html?noTitleBar=1&clusterId=10000000749
10000002896,CHERRY 精灵宝可梦 MW5180鼠标 白色,¥69,¥119,最低价仅2件,,https://i0.hdslb.com/bfs/mall/vendor/72/9a/729a4540a215a3010810115f12354b40.png,https://mall.bilibili.com/neul-next/resell/detail.html?noTitleBar=1&clusterId=10000002896
10000005267,ROG玩家国度 棱镜 耳机 棱镜 精英版,¥396.99,¥499,最低价仅1件,,https://i0.hdslb.com/bfs/mall/vendor/d3/ae/d3aeb41e3241ffbe424aa1d992bd0225.png,https://mall.bilibili.com/neul-next/resell/detail.html?noTitleBar=1&clusterId=10000005267
10000000751,红魔 电竞机械键盘1S 有线/无线/蓝牙三模 100键游戏热插拔客制化 GASKET结构 1S键盘 mora定制版,¥588,¥699,最低价仅1件,,https://i0.hdslb.com/bfs/mall/vendor/0d/b9/0db90c94572939e97d7280b5e2dff1c0.png,https://mall.bilibili.com/neul-next/resell/detail.html?noTitleBar=1&clusterId=10000000751
10000001924,达尔优（dareu）U400G无线键盘鼠标套装 键鼠套装 全尺寸键盘 商务办公 薄膜键盘 无线键盘 办公键盘 黑色,¥39,¥79,最低价仅1件,,https://i0.hdslb.com/bfs/mall/vendor/f5/ab/f5ab63cfc0f5a228852aa8a3657f6f48.png,https://mall.bilibili.com/neul-next/resell/detail.html?noTitleBar=1&clusterId=10000001924
10000002156,奕狐 小黄鸭无线蓝牙游戏手柄 震动体感PC电脑平板游戏 元气绿面壳+白手柄,¥80,¥199,最低价仅1件,,https://i0.hdslb.com/bfs/mall/vendor/90/74/907482e9f8dc9d94ff39d8e5f058aa6c.png,https://mall.bilibili.com/neul-next/resell/detail.html?noTitleBar=1&clusterId=10000002156
10000002546,红魔 游戏本16Pro 2026 暗夜黑 16英寸2.5k 300hz/U9-275HX 5070Ti/32G/1T,¥13799.5,¥16999,最低价仅1件,,https://i0.hdslb.com/bfs/mall/vendor/23/db/23db6a1101a0cfaefc50a92be7a42fee.png,https://mall.bilibili.com/neul-next/resell/detail.html?noTitleBar=1&clusterId=10000002546
10000001230,AKKO 5087 V5诡秘之主联名机械键盘蓝牙无线客制化热插拔专业键盘 双8K诡秘之主三模键盘-奶黄轴U1-导光柱,¥245,¥369,最低价仅1件,诡秘之主热销TOP3,https://i0.hdslb.com/bfs/mall/vendor/b6/07/b607a16032007699fce9e47f9c513495.png,https://mall.bilibili.com/neul-next/resell/detail.html?noTitleBar=1&clusterId=10000001230
10000002149,sanag F20SPro 迷你无线蓝牙耳机跑步运动气传导耳夹 F20SPro 柳絮白,¥74,¥159,最低价仅1件,,https://i0.hdslb.com/bfs/mall/vendor/ac/fe/acfe70a6db1aebf544a5261e6c51bfc7.png,https://mall.bilibili.com/neul-next/resell/detail.html?noTitleBar=1&clusterId=10000002149
10000012369,雷神 三模游戏鼠标 ML7 增程版 白 三模游戏鼠标 ML7 增程版 白,¥85,¥149,最低价仅1件,,https://i0.hdslb.com/bfs/mall/vendor/d2/b0/d2b03c73edbe80bc56c98c3ca1c88ed9.png,https://mall.bilibili.com/neul-next/resell/detail.html?noTitleBar=1&clusterId=10000012369
10000010880,米家小米电动螺丝刀多功能锂电池手持电动改锥工具 黑色,¥119,¥159,最低价仅1件,,https://i0.hdslb.com/bfs/mall/vendor/c4/43/c4431b5a26cdc370fc5f500925a35313.png,https://mall.bilibili.com/neul-next/resell/detail.html?noTitleBar=1&clusterId=10000010880
10000006207,FEELALL 异想少女 鼠标垫 异想少女 万圣款,¥13,¥55,最低价仅1件,,https://i0.hdslb.com/bfs/mall/mall/39/31/393164ee8f04fbff8e8fcebee1e5ac7d.png,https://mall.bilibili.com/neul-next/resell/detail.html?noTitleBar=1&clusterId=10000006207
10000001134,Vsinger 洛天依 infi75 （麻将音） 天青轴机械键盘 黑色,¥365,¥599,最低价仅1件,,https://i0.hdslb.com/bfs/mall/vendor/63/c4/63c4667f0810c29340df99baa529aec8.jpg,https://mall.bilibili.com/neul-next/resell/detail.html?noTitleBar=1&clusterId=10000001134
10000003754,"雷神 三模游戏鼠标ML903 星闪SE 未来白
 雷神 三模游戏鼠标ML903 星闪SE 未来白",¥69.99,¥116,最低价仅1件,,https://i0.hdslb.com/bfs/mall/vendor/49/5f/495f65837409c5765e6de6f6b384a81b.png,https://mall.bilibili.com/neul-next/resell/detail.html?noTitleBar=1&clusterId=10000003754
10000000521,漫步者（EDIFIER）Lolli Pro SE 真无线主动降噪蓝牙耳机 蓝牙6.0 AI翻译 适用苹果华为小米OPPO手机 云岩白,¥159,¥299,最低价仅1件,,https://i0.hdslb.com/bfs/mall/vendor/d7/80/d78025d291d34529ccff2105c8a8a5bd.png,https://mall.bilibili.com/neul-next/resell/detail.html?noTitleBar=1&clusterId=10000000521
10000000750,阿米洛 落樱 三模热插拔机械键盘 109键 佳达隆PRO黄轴3.0 欧式北欧3 阿米洛-109键落樱 佳达隆PRO黄轴3.0 欧式,¥299,¥519,最低价仅1件,,https://i0.hdslb.com/bfs/mall/vendor/39/34/393462aa2bace91334789a6210ec6d50.png,https://mall.bilibili.com/neul-next/resell/detail.html?noTitleBar=1&clusterId=10000000750
10000004354,AVIOT x魔法少女小圆 联名蓝牙耳机TE-V1R-MMM 魔法少女小圆联名耳机,¥930,¥1069,最低价仅1件,,https://i0.hdslb.com/bfs/mall/mall/e0/e8/e0e877bca5b7b58cdec8b9f103a1b657.png,https://mall.bilibili.com/neul-next/resell/detail.html?noTitleBar=1&clusterId=10000004354
10000004424,漫步者（EDIFIER）Lolli Clip AI智能耳夹 开放式降噪蓝牙耳机 无线运动耳机 多语言互译 暖沙金,¥353,¥699,最低价仅1件,,https://i0.hdslb.com/bfs/mall/vendor/85/62/8562f142bf173913a89994932989eaff.PNG,https://mall.bilibili.com/neul-next/resell/detail.html?noTitleBar=1&clusterId=10000004424
10000009798,苏泊尔（SUPOR）煎炖多功能电蒸锅 ZN26YK18 ZN26YK18,¥185,¥399,最低价仅2件,,https://i0.hdslb.com/bfs/mall/vendor/88/e6/88e6ab36aa1b1ed63c4ae4986a974846.png,https://mall.bilibili.com/neul-next/resell/detail.html?noTitleBar=1&clusterId=10000009798
10000001281,雷神  有线机械键盘 KG3089  北冥 茶轴 有线机械键盘 KG3089  北冥 茶轴,¥88.5,¥169,最低价仅2件,,https://i0.hdslb.com/bfs/mall/vendor/e2/36/e2360d3e53762299c714ea709ec5ce9f.png,https://mall.bilibili.com/neul-next/resell/detail.html?noTitleBar=1&clusterId=10000001281
10000003047,"REDMI 蓝牙音箱 2
 雾哑黑",¥70,¥129,最低价仅2件,,https://i0.hdslb.com/bfs/mall/vendor/97/9f/979f2d2152203982aab14f24f8c68f25.png,https://mall.bilibili.com/neul-next/resell/detail.html?noTitleBar=1&clusterId=10000003047
10000006209,FEELALL 异想少女 鼠标垫 美琴 七夕款,¥12,¥55,最低价仅1件,,https://i0.hdslb.com/bfs/mall/mall/1d/6b/1d6b3398a511a27acd42417696490f81.png,https://mall.bilibili.com/neul-next/resell/detail.html?noTitleBar=1&clusterId=10000006209
10000002855,漫步者（EDIFIER）悦影耳夹 耳夹式蓝牙耳机 开放式耳机 自带补妆镜 适用苹果华为小米OPPO手机 月汐银,¥309.99,¥659,最低价仅1件,,https://i0.hdslb.com/bfs/mall/vendor/89/1d/891d46da022a9f5c535188e55761120b.png,https://mall.bilibili.com/neul-next/resell/detail.html?noTitleBar=1&clusterId=10000002855
10000000236,PISEN 品胜 22.5W方屏数显电宝10000毫安 TP-D193 白色,¥99,¥109,最低价仅1件,,https://i0.hdslb.com/bfs/mall/vendor/e9/22/e9225016b3ecdc16d5fcfd79198c02a2.png,https://mall.bilibili.com/neul-next/resell/detail.html?noTitleBar=1&clusterId=10000000236
10000001451,AKKO 间谍过家家 鼠标垫 超大桌垫可爱卡通高清鼠标垫防滑桌面办公垫子游戏办公通用 AKKO 间谍过家家 鼠标垫 ,¥69,,最低价仅2件,间谍过家家热销TOP2,https://i0.hdslb.com/bfs/mall/vendor/42/5b/425b422097d1570fd40dde4be9cf9579.png,https://mall.bilibili.com/neul-next/resell/detail.html?noTitleBar=1&clusterId=10000001451
10000006085,FEELALL 星空旋律 鼠标垫+FEELALL 夏日恋曲 亚克力手机支架+FEELALL 星空旋律 软胶挂件 第二批 凪款鼠标垫+挂件&由飞款支架,¥17,¥85,最低价仅1件,,https://i0.hdslb.com/bfs/mall/mall/77/c6/77c6e9e0f6da42502a5037b9434bc2e7.png,https://mall.bilibili.com/neul-next/resell/detail.html?noTitleBar=1&clusterId=10000006085
10000000734,"雷神三模游戏鼠标ML903mini 星闪 （ 带底座）
 蛇年红",¥159,¥299,最低价仅1件,,https://i0.hdslb.com/bfs/mall/vendor/8e/87/8e876879da7cccb977c5b1cc5ef1982c.png,https://mall.bilibili.com/neul-next/resell/detail.html?noTitleBar=1&clusterId=10000000734
10000002161,奕狐 小黄鸭无线蓝牙游戏手柄 震动体感PC电脑平板游戏 元气蓝面壳+白手柄,¥69.22,¥199,最低价仅1件,,https://i0.hdslb.com/bfs/mall/vendor/62/83/62839b93d9921c174ad83caeaa44643c.png,https://mall.bilibili.com/neul-next/resell/detail.html?noTitleBar=1&clusterId=10000002161
10000005423,微软 xbox  《极限竞速：地平线6》限定版手柄  无线耳机  无线控制器 xbox Series X/S蓝牙手柄pc电脑 国行 《极限竞速：地平线6》手柄,¥500,¥598,最低价仅1件,,https://i0.hdslb.com/bfs/mall/mall/93/05/9305faa4f01f5b890ba7820c57b2a9dc.png,https://mall.bilibili.com/neul-next/resell/detail.html?noTitleBar=1&clusterId=10000005423
10000002292,微星 FORGE GM320 鼠标 微星 FORGE GM320 鼠标,¥49,¥99,最低价仅1件,,https://i0.hdslb.com/bfs/mall/vendor/e3/31/e331cd3eeef6adb85a2ed302c0f76864.png,https://mall.bilibili.com/neul-next/resell/detail.html?noTitleBar=1&clusterId=10000002292
10000001693,"FIIL C1 耳夹真无线蓝牙耳机
 C1",¥85.9,¥199,最低价仅1件,,https://i0.hdslb.com/bfs/mall/vendor/3e/0f/3e0f12d1fc1d44c5975881f93f4a76d8.png,https://mall.bilibili.com/neul-next/resell/detail.html?noTitleBar=1&clusterId=10000001693
10000004024,漫步者（EDIFIER）Lolli Clip AI智能耳夹 开放式降噪蓝牙耳机 无线运动耳机 多语言互译 晨雾紫,¥360,¥699,最低价仅1件,,https://i0.hdslb.com/bfs/mall/vendor/0e/5c/0e5c1dac577f8055ddc0d8135665d285.png,https://mall.bilibili.com/neul-next/resell/detail.html?noTitleBar=1&clusterId=10000004024
10000005294,sanag B77SProMax 挂耳式骨传导游泳蓝牙耳机IPX8级防水防汗运动跑步专用 B77SProMax 劲浪橙,¥270,¥599,最低价仅1件,,https://i0.hdslb.com/bfs/mall/vendor/6b/07/6b079c18cd916d2d8ed9a68f1a4c0bce.png,https://mall.bilibili.com/neul-next/resell/detail.html?noTitleBar=1&clusterId=10000005294
10000006412,罗技G102有线游戏鼠标 淡紫色,¥80,¥149,最低价仅1件,,https://i0.hdslb.com/bfs/mall/mall/90/5c/905c5de5c4173ec62bee650bfb17213c.png,https://mall.bilibili.com/neul-next/resell/detail.html?noTitleBar=1&clusterId=10000006412
10000000104,"CHERRY STREAM TKL 键盘
 白色",¥52,¥139,最低价仅1件,,https://i0.hdslb.com/bfs/mall/vendor/63/4b/634b04318744e0e60bb5225b847d9b71.png,https://mall.bilibili.com/neul-next/resell/detail.html?noTitleBar=1&clusterId=10000000104
10000007906,漫步者（EDIFIER）悦影耳夹 耳夹式蓝牙耳机 开放式耳机 自带补妆镜 适用苹果华为小米OPPO手机 极光紫,¥309.99,¥659,最低价仅2件,,https://i0.hdslb.com/bfs/mall/vendor/f2/75/f275636657457726e06119cd79b2c3c2.png,https://mall.bilibili.com/neul-next/resell/detail.html?noTitleBar=1&clusterId=10000007906
10000005419,漫步者 Zero Air 简约迷你真无线蓝牙5.3耳机手机游戏电竞AI通话降噪耳塞 暮灰,¥69,¥129,最低价仅1件,,https://i0.hdslb.com/bfs/mall/vendor/70/f8/70f85e8852f423e5c469186afc7b38ef.png,https://mall.bilibili.com/neul-next/resell/detail.html?noTitleBar=1&clusterId=10000005419
10000000685,FIILKey max 头戴式无线蓝牙耳机 双金标认证  黑色,¥159,¥219,最低价仅1件,,https://i0.hdslb.com/bfs/mall/vendor/b9/b4/b9b4f48fa4e67729657895926f308d27.png,https://mall.bilibili.com/neul-next/resell/detail.html?noTitleBar=1&clusterId=10000000685
10000003421,罗技G102有线游戏鼠标 黑色,¥88.88,¥149,最低价仅1件,,https://i0.hdslb.com/bfs/mall/mall/02/a4/02a4d4ab7218ad4d569dad384a28773d.png,https://mall.bilibili.com/neul-next/resell/detail.html?noTitleBar=1&clusterId=10000003421
10000007624,影石Insta360 Luna Ultra 8K 徕卡旗舰双摄云台相机 标准套装  Luna Ultra 标准套装（月光白）,¥3668,¥3999,最低价仅1件,,https://i0.hdslb.com/bfs/mall/vendor/e0/8f/e08f9026d4b94e70215d1127b51a4282.png,https://mall.bilibili.com/neul-next/resell/detail.html?noTitleBar=1&clusterId=10000007624
10000006487,大疆 DJI Osmo Pocket 4 标准版 DJIOsmo Pocket 4 标准版,¥2850,¥2999,最低价仅2件,,https://i0.hdslb.com/bfs/mall/vendor/f5/9c/f59c78eefe83e2bbc807be58fe9004fd.png,https://mall.bilibili.com/neul-next/resell/detail.html?noTitleBar=1&clusterId=10000006487
10000007893,CHERRY K37无线三模键盘 白色,¥129,¥249,最低价仅1件,,https://i0.hdslb.com/bfs/mall/vendor/f3/5e/f35ed8a2bf6c51de79765fcfa6a33ff9.png,https://mall.bilibili.com/neul-next/resell/detail.html?noTitleBar=1&clusterId=10000007893
10000003843,飞智 游戏手柄 冰原狼3 火影联名款 无线多模 PC/手游/Steam/Switch多平台适配 支持原生映射 冰原狼3 火影联名,¥140,¥229,最低价仅2件,火影忍者热销TOP8,https://i0.hdslb.com/bfs/mall/vendor/d4/f7/d4f73869357e44d01d1b91a4691862f0.png,https://mall.bilibili.com/neul-next/resell/detail.html?noTitleBar=1&clusterId=10000003843
10000011284,"摩飞电器（Morphyrichards）榨汁机MR6102
 MR6102",¥195,¥329,最低价仅1件,,https://i0.hdslb.com/bfs/mall/vendor/7d/c9/7dc94eddead71ba3e3699147d943a7e6.png,https://mall.bilibili.com/neul-next/resell/detail.html?noTitleBar=1&clusterId=10000011284
10000002148,sanag X6SII 无线蓝牙音箱迷你便携重低音免提通话户外旅游插卡音响礼物 X6SII 琥珀橙,¥44,¥99,最低价仅1件,,https://i0.hdslb.com/bfs/mall/vendor/05/26/0526362369f896251de740059705b09f.png,https://mall.bilibili.com/neul-next/resell/detail.html?noTitleBar=1&clusterId=10000002148
10000006300,enabotEBO SE全屋移动监控摄像头机器人 【移动守护+自动回充】EBO SE,¥456,¥689,最低价仅2件,,https://i0.hdslb.com/bfs/mall/vendor/8a/c2/8ac2d77e41b808ff0d3fbe132e4437cd.png,https://mall.bilibili.com/neul-next/resell/detail.html?noTitleBar=1&clusterId=10000006300
10000002639,马克图布  Pingu拍立得造型风扇-pingu礼盒版 pingu挂脖风扇-礼盒版,¥79.99,¥99,最低价仅1件,pingu热销TOP1,https://i0.hdslb.com/bfs/mall/vendor/38/11/3811f674a19ad0c916f5e1527baef5cd.png,https://mall.bilibili.com/neul-next/resell/detail.html?noTitleBar=1&clusterId=10000002639
10000002857,前行者（EWEADN）M104白云轴白光无线三模版 粉底液,¥188,¥329,最低价仅1件,,https://i0.hdslb.com/bfs/mall/vendor/fc/0d/fc0da854e0df242f7a7d7c59a8fd70e2.png,https://mall.bilibili.com/neul-next/resell/detail.html?noTitleBar=1&clusterId=10000002857
10000005286,CHERRY樱桃 XTRFY K5V2洪流 电竞机械键盘  洪流,¥360,¥599,最低价仅1件,,https://i0.hdslb.com/bfs/mall/vendor/b3/2e/b32e3ec533a6822abfc5b6ca8814bb4d.png,https://mall.bilibili.com/neul-next/resell/detail.html?noTitleBar=1&clusterId=10000005286
10000002861,奕狐 悟空 xbox游戏手柄pc电脑版Steamdeck蓝牙无线switch oled霍尔手机ios安卓平板rog掌机特斯拉 黄色(金刚不坏),¥67,¥185,最低价仅1件,,https://i0.hdslb.com/bfs/mall/vendor/68/10/681048c7a9a3f5af770e63f8f74b4a26.png,https://mall.bilibili.com/neul-next/resell/detail.html?noTitleBar=1&clusterId=10000002861
10000003932,苹果Apple iPad Air 13 英寸 M4芯片 2026年新款 无线局域网 + 蜂窝网络机型 平板电脑 13 英寸 128GB  紫色,¥7111.11,¥8999,最低价仅1件,,https://i0.hdslb.com/bfs/mall/vendor/71/08/7108aaef46e1230b0482b1ac2bd7fd59.png,https://mall.bilibili.com/neul-next/resell/detail.html?noTitleBar=1&clusterId=10000003932
10000001662,华为路由AX2 Pro 华为路由器AX2 Pro,¥129,¥149,最低价仅1件,,https://i0.hdslb.com/bfs/mall/vendor/5c/fc/5cfcb3b5a62b0f594f55f29b9ec9a205.png,https://mall.bilibili.com/neul-next/resell/detail.html?noTitleBar=1&clusterId=10000001662
10000004152,Xiaomi 蓝牙音箱  声学小钢炮 澎湃智联 黑色,¥350,¥599,最低价仅1件,,https://i0.hdslb.com/bfs/mall/vendor/02/da/02da6aa1237e1a2d999176b523188e8c.png,https://mall.bilibili.com/neul-next/resell/detail.html?noTitleBar=1&clusterId=10000004152
10000006210,FEELALL 异想少女 鼠标垫 洛塔 七夕款,¥16,¥55,最低价仅1件,,https://i0.hdslb.com/bfs/mall/mall/a8/77/a8779de22828a7d1697e99e6fddfbcee.png,https://mall.bilibili.com/neul-next/resell/detail.html?noTitleBar=1&clusterId=10000006210
10000001046,品胜 Vsinger洛天依 12周年限定氮化镓45W三合一磁吸桌面充电站 洛天依 12周年系列45W三合一磁吸桌面充电站,¥199,¥249,最低价仅1件,,https://i0.hdslb.com/bfs/mall/vendor/93/22/9322ff30e417f7a722966610070474f3.png,https://mall.bilibili.com/neul-next/resell/detail.html?noTitleBar=1&clusterId=10000001046
10000001569,JAKKSPACIFIC 任天堂马力欧电影版2.5寸公仔 2.5寸路易吉公仔,¥21,¥76,最低价仅1件,,https://i0.hdslb.com/bfs/mall/vendor/12/27/12273d27a540b1f489ee99c59c926917.png,https://mall.bilibili.com/neul-next/resell/detail.html?noTitleBar=1&clusterId=10000001569
10000007487,Cherry Xtrfy H3W无线三模电竞游戏耳机 黑色,¥380,¥699,最低价仅1件,,https://i0.hdslb.com/bfs/mall/vendor/94/d9/94d986552739f2bca219e02799c811d0.png,https://mall.bilibili.com/neul-next/resell/detail.html?noTitleBar=1&clusterId=10000007487
10000005118,"外星人（Alienware） AW620M高端游戏电竞鼠标
 白色",¥410,¥799,最低价仅1件,,https://i0.hdslb.com/bfs/mall/vendor/29/ef/29ef38a98ad34c8f957eaa6a2d72f9ed.png,https://mall.bilibili.com/neul-next/resell/detail.html?noTitleBar=1&clusterId=10000005118
10000006814,"前行者（EWEADN）M13蓝牙双模鼠标

 典雅银",¥55,¥89,最低价仅2件,,https://i0.hdslb.com/bfs/mall/vendor/29/45/29458dc9f8647efa013774ac302c8b03.png,https://mall.bilibili.com/neul-next/resell/detail.html?noTitleBar=1&clusterId=10000006814
10000003533,黑爵（AJAZZ）AJ139P V3 MAX游戏鼠标三模中大手RGB充电底座电竞游戏鼠标 AJ139P V3 Max 三模 白色,¥125,¥199,最低价仅2件,,https://i0.hdslb.com/bfs/mall/vendor/57/54/5754bf987c71dfa60f99d9e53037a327.png,https://mall.bilibili.com/neul-next/resell/detail.html?noTitleBar=1&clusterId=10000003533
10000004888,"狼蛛（AULA）AG60/AG60MAX 有线铝坨坨磁轴键盘

 AG60黑雾透枪灰【下灯位】蜜雪磁轴",¥640,¥799,最低价仅2件,,https://i0.hdslb.com/bfs/mall/vendor/21/6b/216bc6872d1963a30a114f69e148fa09.png,https://mall.bilibili.com/neul-next/resell/detail.html?noTitleBar=1&clusterId=10000004888
10000005292,"华为FreeBuds 7i 真无线蓝牙降噪耳机
 深空灰",¥449,¥599,最低价仅1件,,https://i0.hdslb.com/bfs/mall/vendor/36/ff/36ff4b10091f43190021cc05fbf22e14.png,https://mall.bilibili.com/neul-next/resell/detail.html?noTitleBar=1&clusterId=10000005292
10000004131,Xiaomi 智能音箱  超级小爱智能音箱  云灰 ,¥160,¥199,最低价仅1件,,https://i0.hdslb.com/bfs/mall/vendor/5b/42/5b423f57ec99741e6638a4a4f14006d9.png,https://mall.bilibili.com/neul-next/resell/detail.html?noTitleBar=1&clusterId=10000004131
10000007268,前行者（EWEADN）E11pro三模鼠标升级版 粉色,¥60,¥109,最低价仅1件,,https://i0.hdslb.com/bfs/mall/vendor/16/9a/169a3797f90c6afe95dbc7a7f7b09eee.png,https://mall.bilibili.com/neul-next/resell/detail.html?noTitleBar=1&clusterId=10000007268
10000010282,iQOO Z10x  8+128GB/星穹黑,¥1299,¥1499,最低价仅1件,,https://i0.hdslb.com/bfs/mall/vendor/76/d1/76d1a991f866a2dbad949efdfb584320.png,https://mall.bilibili.com/neul-next/resell/detail.html?noTitleBar=1&clusterId=10000010282
10000002958,CHERRY樱桃HC2.2头戴式电竞专用游戏有线耳机 黑色,¥99,¥175,最低价仅1件,,https://i0.hdslb.com/bfs/mall/vendor/c1/5d/c15d2b84286ba88eee83e9f5561771da.png,https://mall.bilibili.com/neul-next/resell/detail.html?noTitleBar=1&clusterId=10000002958
10000005288,奕狐  xbox游戏手柄pc电脑版Steamdeck蓝牙无线switch oled霍尔手机ios安卓平板rog掌机特斯拉 GC2009科幻世界,¥112,¥199,最低价仅1件,,https://i0.hdslb.com/bfs/mall/vendor/52/7d/527d84f8a480148c38daad9bba4bd3e1.png,https://mall.bilibili.com/neul-next/resell/detail.html?noTitleBar=1&clusterId=10000005288
10000005291,前行者（EWEADN）M104白云轴白光无线三模版 黑管口红,¥209,¥329,最低价仅1件,,https://i0.hdslb.com/bfs/mall/vendor/47/89/47895acb5c8fed5d369b3ebd31bd354a.png,https://mall.bilibili.com/neul-next/resell/detail.html?noTitleBar=1&clusterId=10000005291
10000004045,漫步者（EDIFIER）悦影耳夹 耳夹式蓝牙耳机 开放式耳机 自带补妆镜 适用苹果华为小米OPPO手机 贝母金,¥309.99,¥659,最低价仅1件,,https://i0.hdslb.com/bfs/mall/vendor/4a/20/4a20db69cd3eefee20efd911bfe71a5d.png,https://mall.bilibili.com/neul-next/resell/detail.html?noTitleBar=1&clusterId=10000004045
10000004132,漫步者（EDIFIER）花再Melo Bar桌面蓝牙音响 灯牌桌搭音箱 家用有线高保真专业电脑游戏音响长条soundbar 2026新款 清雾白,¥289.99,¥399,,,https://i0.hdslb.com/bfs/mall/vendor/3a/b9/3ab969255a8e9d93670a825a934f3134.png,https://mall.bilibili.com/neul-next/resell/detail.html?noTitleBar=1&clusterId=10000004132
10000002875,奕狐 狩猎switchpro手柄 连发ns 蓝牙无线pc电脑 steamdeck游戏手机ios原神 SE3907,¥70,¥129,最低价仅1件,,https://i0.hdslb.com/bfs/mall/vendor/57/51/5751c305688d26286e1849564dad7161.png,https://mall.bilibili.com/neul-next/resell/detail.html?noTitleBar=1&clusterId=10000002875
10000003284,JAKKSPACIFIC 任天堂马力欧电影版2.5寸公仔 2.5寸跳跃马力欧公仔,¥36.99,¥76,最低价仅2件,,https://i0.hdslb.com/bfs/mall/vendor/bb/67/bb67251b03e7d7e63dff96b0eef852da.png,https://mall.bilibili.com/neul-next/resell/detail.html?noTitleBar=1&clusterId=10000003284
10000002166,奕狐 狩猎switchpro手柄 连发ns 蓝牙无线pc电脑 steamdeck游戏手机ios原神 SE3908,¥59,¥129,最低价仅1件,,https://i0.hdslb.com/bfs/mall/vendor/85/46/8546680ec40dbc32f5f3181d1cd99942.png,https://mall.bilibili.com/neul-next/resell/detail.html?noTitleBar=1&clusterId=10000002166
10000008541,sanag B22S 骨传导无线蓝牙运动耳机跑步健身专用防水挂耳式不入耳手机通话 B22S 黑色,¥80,¥199,最低价仅1件,,https://i0.hdslb.com/bfs/mall/vendor/bf/8f/bf8f0f034ac778b11067371888fbdb3f.png,https://mall.bilibili.com/neul-next/resell/detail.html?noTitleBar=1&clusterId=10000008541
10000001183,黑爵（AJAZZ）AJ179 V2 TITAN 三模鼠标 游戏办公 AJ179 V2 TITAN 三模鼠标 黑色,¥145,¥299,最低价仅3件,,https://i0.hdslb.com/bfs/mall/vendor/d5/98/d598355858bf3f6c19578a94c3f1e62e.png,https://mall.bilibili.com/neul-next/resell/detail.html?noTitleBar=1&clusterId=10000001183
10000000611,AKKO 初音未来 联名樱花粉鼠标三模8K游戏办公无线蓝牙人体工学标  樱花未来三模鼠标,¥225,¥339,最低价仅1件,,https://i0.hdslb.com/bfs/mall/vendor/fc/05/fc05a48a4b33f7520374dc112cd0a95f.png,https://mall.bilibili.com/neul-next/resell/detail.html?noTitleBar=1&clusterId=10000000611
10000003018,Cherry x 解限机「矛隼」联名键盘   典藏版 矛隼联名礼盒,¥1200,¥1699,最低价仅1件,解限机热销TOP3,https://i0.hdslb.com/bfs/mall/mall/24/05/2405ffac651eeeedc93bf947b9608ebd.png,https://mall.bilibili.com/neul-next/resell/detail.html?noTitleBar=1&clusterId=10000003018
10000003045,图拉斯 TORRAS 小冰块YOGA 45W 氮化镓自带伸缩线充电器  CQ4 粉色 双C口,¥138,¥218,最低价仅1件,,https://i0.hdslb.com/bfs/mall/vendor/a0/95/a09566db5ac0b36ab0522c5b7729c190.png,https://mall.bilibili.com/neul-next/resell/detail.html?noTitleBar=1&clusterId=10000003045
10000009621,苏泊尔（SUPOR）电饭煲0氟土陶球釜家用  F40F36-4L,¥239,¥399,最低价仅1件,,https://i0.hdslb.com/bfs/mall/vendor/20/f9/20f91ffe71c47b62ab2275b940d01f6a.png,https://mall.bilibili.com/neul-next/resell/detail.html?noTitleBar=1&clusterId=10000009621
10000010432,阿米洛 八云机械键盘 88键 有线Cherry红轴 欧式北欧3 阿米洛-八雲-88键有线-Cherry红轴,¥198,¥509,最低价仅1件,,https://i0.hdslb.com/bfs/mall/vendor/3c/0d/3c0de1e0339962c122867df8cece5851.png,https://mall.bilibili.com/neul-next/resell/detail.html?noTitleBar=1&clusterId=10000010432
10000005777,黑爵（AJAZZ）BLUE67磁轴键盘 青花瓷陶瓷键帽8K回报率 RGB万磁王 青花瓷陶瓷键盘 RGB万磁王,¥799,¥1300,最低价仅1件,,https://i0.hdslb.com/bfs/mall/vendor/36/fe/36fe390bbfb279b3437e5cc8b5f14c2f.png,https://mall.bilibili.com/neul-next/resell/detail.html?noTitleBar=1&clusterId=10000005777
10000007164,"SKG 肩颈按摩仪 H1系列1代 时尚款
 时尚款",¥110,¥199,最低价仅2件,,https://i0.hdslb.com/bfs/mall/vendor/df/93/df936c6965d0012720192dd9e8cf49f1.png,https://mall.bilibili.com/neul-next/resell/detail.html?noTitleBar=1&clusterId=10000007164
10000001377,"小米（MI）Redmi Buds 7S 半入耳主动降噪 蓝牙耳机
 晴雪白",¥148.99,¥199,最低价仅1件,,https://i0.hdslb.com/bfs/mall/vendor/2b/5d/2b5ddd8289c73ac8cc8627fff69d6861.png,https://mall.bilibili.com/neul-next/resell/detail.html?noTitleBar=1&clusterId=10000001377
10000003357,AKKO  间谍过家家 键盘手托 记忆棉女生鼠标腕垫办公打字加厚柔软 AKKO 间谍过家家 键盘手托,¥37.91,¥79,最低价仅1件,间谍过家家热销TOP9,https://i0.hdslb.com/bfs/mall/vendor/76/28/76281437d979b3c851fba64cd1c3904b.png,https://mall.bilibili.com/neul-next/resell/detail.html?noTitleBar=1&clusterId=10000003357
10000003915,华为HUAWEI 100W全能充电器套装 含1米6A数据线  白色,¥190,¥299,最低价仅1件,,https://i0.hdslb.com/bfs/mall/vendor/03/09/0309677f673d4c0ddb3678d8cb4cfd1a.png,https://mall.bilibili.com/neul-next/resell/detail.html?noTitleBar=1&clusterId=10000003915
10000007744,Apple AirPods Pro 3 AirPods Pro 3,¥1499,¥1899,最低价仅2件,,https://i0.hdslb.com/bfs/mall/vendor/fb/e8/fbe878162f7557474856f82467103f58.png,https://mall.bilibili.com/neul-next/resell/detail.html?noTitleBar=1&clusterId=10000007744
10000003122,JAKKSPACIFIC 任天堂马力欧电影版2.5寸公仔 2.5寸马力欧公仔,¥24.9,¥76,最低价仅1件,,https://i0.hdslb.com/bfs/mall/vendor/76/9e/769ef1fbde0dbbc62f5dd79f41423ab4.png,https://mall.bilibili.com/neul-next/resell/detail.html?noTitleBar=1&clusterId=10000003122
10000006158,大疆 DJI Mic Mini 迷你无线降噪纽扣式领夹麦克风 DJI Mic Mini 发射器（碳素黑）,¥115,¥152,最低价仅1件,,https://i0.hdslb.com/bfs/mall/vendor/37/0e/370edfd4b9a13d559b72e4b8ac6ad067.png,https://mall.bilibili.com/neul-next/resell/detail.html?noTitleBar=1&clusterId=10000006158
10000007700,漫步者（EDIFIER）花再Melo Bar桌面蓝牙音响 灯牌桌搭音箱 家用有线高保真专业电脑游戏音响长条soundbar 2026新款 夜雾黑,¥299.99,¥399,最低价仅1件,,https://i0.hdslb.com/bfs/mall/vendor/1c/97/1c97d0cde0fefb8419e8167b4bfd70e4.png,https://mall.bilibili.com/neul-next/resell/detail.html?noTitleBar=1&clusterId=10000007700
10000007337,华硕（ASUS）TX GeForce RTX5060 O8G 天选系列电竞游戏显卡 RTX5060 ,¥3100,¥3199,最低价仅1件,,https://i0.hdslb.com/bfs/mall/vendor/5d/6c/5d6c121c9e304ad6d79fbd6c9468dd1d.png,https://mall.bilibili.com/neul-next/resell/detail.html?noTitleBar=1&clusterId=10000007337
10000010269,FIIL GS Lite开放式无线蓝牙挂耳 白色,¥140,¥229,最低价仅1件,,https://i0.hdslb.com/bfs/mall/vendor/fe/94/fe94f3a2a173368f75cbc9ed34985ee7.png,https://mall.bilibili.com/neul-next/resell/detail.html?noTitleBar=1&clusterId=10000010269
10000003957,飞智 八爪鱼4黑神话悟空联名 限量典藏款  无线游戏手柄  黑神话 限量典藏款,¥380,¥799,最低价仅1件,黑神话：悟空热销TOP2,https://i0.hdslb.com/bfs/mall/vendor/5c/63/5c6392e4d373cea9a71d9b2ade2c1ead.png,https://mall.bilibili.com/neul-next/resell/detail.html?noTitleBar=1&clusterId=10000003957
10000012143,"Alienware 三模无线游戏鼠标 AW720M 
 黑色",¥430,¥659,最低价仅1件,,https://i0.hdslb.com/bfs/mall/vendor/ef/52/ef5242aa99df53654f778e9edcbe7a10.png,https://mall.bilibili.com/neul-next/resell/detail.html?noTitleBar=1&clusterId=10000012143
10000003711,CHERRY 精灵宝可梦 MW5180鼠标 粉色,¥50,¥119,最低价仅3件,,https://i0.hdslb.com/bfs/mall/vendor/fb/cd/fbcd3cd6328afbc04127414f08dd0962.png,https://mall.bilibili.com/neul-next/resell/detail.html?noTitleBar=1&clusterId=10000003711
10000003760,sanag X6SII 无线蓝牙音箱迷你便携重低音免提通话户外旅游插卡音响礼物 X6SII 冰魄白,¥59,¥99,最低价仅1件,,https://i0.hdslb.com/bfs/mall/vendor/f3/44/f3440e06a1a0a1ed9032ef5cfdc9a62c.png,https://mall.bilibili.com/neul-next/resell/detail.html?noTitleBar=1&clusterId=10000003760
10000011590,Switch 2 PRO手柄生化危机9 手柄生化危机,¥409,¥628,最低价仅1件,,https://i0.hdslb.com/bfs/mall/vendor/8d/3f/8d3f17ae33488700921866a2b28d14b5.png,https://mall.bilibili.com/neul-next/resell/detail.html?noTitleBar=1&clusterId=10000011590
10000011291,"摩飞多功能电饼铛MR6105
 MR6105",¥129,¥349,最低价仅1件,,https://i0.hdslb.com/bfs/mall/vendor/07/3f/073f004923533d9f097f1b8854589d83.png,https://mall.bilibili.com/neul-next/resell/detail.html?noTitleBar=1&clusterId=10000011291
10000011885,影石Insta360  Flow 2 PRO 手机稳定器 手持云台 Flow2 Pro手持云台标准套装灵动白,¥580,¥999,最低价仅2件,,https://i0.hdslb.com/bfs/mall/vendor/69/b4/69b45a7c9a3c24ac5762cd2adc753ed4.png,https://mall.bilibili.com/neul-next/resell/detail.html?noTitleBar=1&clusterId=10000011885
10000011599,"摩飞便携果汁机MR9808
 MR9808 ",¥144.99,¥306,最低价仅1件,,https://i0.hdslb.com/bfs/mall/vendor/13/f6/13f636538f4279ac3caa9fa1b9257b27.png,https://mall.bilibili.com/neul-next/resell/detail.html?noTitleBar=1&clusterId=10000011599
10000010219,阿米洛 姬秋丽67键双模机械键盘  静电容V2艾草灰轴 阿米洛-姬秋丽-67键-艾草灰轴,¥298.99,¥591,最低价仅1件,,https://i0.hdslb.com/bfs/mall/vendor/38/30/3830f8529db016dc22514683824d7d56.png,https://mall.bilibili.com/neul-next/resell/detail.html?noTitleBar=1&clusterId=10000010219
10000009999,坚果（JMGO）微果D1投影仪小型卧室家用 微果D1,¥579,¥1299,最低价仅1件,,https://i0.hdslb.com/bfs/mall/vendor/07/75/0775ed294ba29015ecf51d284efbfbb5.png,https://mall.bilibili.com/neul-next/resell/detail.html?noTitleBar=1&clusterId=10000009999
10000000151,漫步者 Zero Air 简约迷你真无线蓝牙5.3耳机手机游戏电竞AI通话降噪耳塞 月白,¥129,,最低价仅1件,,https://i0.hdslb.com/bfs/mall/vendor/f5/7c/f57c9d84cf32354120df2bd4b915f66a.png,https://mall.bilibili.com/neul-next/resell/detail.html?noTitleBar=1&clusterId=10000000151
10000002967,CHERRY樱桃MW5500 PRO宝可梦耿鬼IP款 MW5500pro耿鬼,¥550,¥599,最低价仅1件,,https://i0.hdslb.com/bfs/mall/vendor/dd/0a/dd0a50b3c2d28dbb604be5849ea8faa9.png,https://mall.bilibili.com/neul-next/resell/detail.html?noTitleBar=1&clusterId=10000002967
10000001651,AKKO JIN01电竞办公机械键盘铝合金三模蓝牙无线全键热插拔68键盘  JIN01圣托里尼-玫瑰木轴,¥255,¥499,最低价仅1件,,https://i0.hdslb.com/bfs/mall/vendor/2d/6c/2d6c93f7a94a6fc64445a0de7c4c8182.png,https://mall.bilibili.com/neul-next/resell/detail.html?noTitleBar=1&clusterId=10000001651
10000003323,"华为智选鸿蒙智选达伦智能台灯3
 第三代",¥145,¥229,最低价仅1件,,https://i0.hdslb.com/bfs/mall/vendor/5b/0f/5b0f7fb0a153eedd041042c2b160c2f3.png,https://mall.bilibili.com/neul-next/resell/detail.html?noTitleBar=1&clusterId=10000003323
10000004227,漫步者（EDIFIER）Lolli Clip AI智能耳夹 开放式降噪蓝牙耳机 无线运动耳机 多语言互译 暖沙金,¥350,¥699,最低价仅1件,,https://i0.hdslb.com/bfs/mall/vendor/75/17/751735ff6f1a76af5fc6e4ccec3510a5.png,https://mall.bilibili.com/neul-next/resell/detail.html?noTitleBar=1&clusterId=10000004227
10000007494,"华为（HUAWEI）车载全能充/充电器 88W
 88W黑色",¥180,¥249,最低价仅1件,,https://i0.hdslb.com/bfs/mall/vendor/ab/a6/aba63431e45c63dc40425dfcbb437ea1.png,https://mall.bilibili.com/neul-next/resell/detail.html?noTitleBar=1&clusterId=10000007494
10000005025,"金百达（KINGBANK）黑爵系列 DDR4 内存条
 16G 3600(海力士)",¥666,¥699,最低价仅1件,,https://i0.hdslb.com/bfs/mall/vendor/42/bf/42bf516ddb9615db7b2609a0ceb9b62d.png,https://mall.bilibili.com/neul-next/resell/detail.html?noTitleBar=1&clusterId=10000005025
10000002264,SONGX ✖ VSINGER洛天依70W氮化镓GaN快充头星环灯光环绕多口小体积便携桌面充电礼盒套装 蓝色,¥149,¥179,最低价仅1件,,https://i0.hdslb.com/bfs/mall/vendor/d8/db/d8db2c110983f6c99c47013f2d33e657.png,https://mall.bilibili.com/neul-next/resell/detail.html?noTitleBar=1&clusterId=10000002264
10000005060,坚果（JMGO）微果D1投影仪小型卧室家用 微果D1,¥569,¥1299,最低价仅1件,,https://i0.hdslb.com/bfs/mall/vendor/8a/07/8a0723f17c37e391128f2649613d52aa.png,https://mall.bilibili.com/neul-next/resell/detail.html?noTitleBar=1&clusterId=10000005060
10000002448,华硕（ASUS）PRIME GeForce RTX 5060 O8G 电竞游戏显卡 5060,¥3039,¥3099,最低价仅1件,,https://i0.hdslb.com/bfs/mall/vendor/6d/c1/6dc1379889b70a34176e9d40cb725f2b.png,https://mall.bilibili.com/neul-next/resell/detail.html?noTitleBar=1&clusterId=10000002448
10000010272,机械革命（MECHREVO） 翼龙15 Pro  轻薄游戏笔记本电脑 R7 H 255 32G 1T RTX5060 2.5K 300Hz 99Wh 灰 R7 H 255 32G 1T 灰,¥9299,¥9499,最低价仅1件,,https://i0.hdslb.com/bfs/mall/vendor/3e/0c/3e0c5a721442c18d6de8b11058b499cf.png,https://mall.bilibili.com/neul-next/resell/detail.html?noTitleBar=1&clusterId=10000010272
10000005729,CHERRY 精灵宝可梦 MW5180鼠标 黄色,¥69,¥119,最低价仅1件,,https://i0.hdslb.com/bfs/mall/vendor/3e/b9/3eb9e677bc6e6035e4c2e52e872e6e4c.png,https://mall.bilibili.com/neul-next/resell/detail.html?noTitleBar=1&clusterId=10000005729
10000006616,bilibiliGoods 英雄联盟:双城之战 超大鼠标垫 金克丝款 金克丝款,¥70,¥99,最低价仅1件,英雄联盟热销TOP1,https://i0.hdslb.com/bfs/mall/mall/a5/a6/a5a61a37fc177d96bde94a5ca87d3cfe.png,https://mall.bilibili.com/neul-next/resell/detail.html?noTitleBar=1&clusterId=10000006616
10000002339,SKG  颈椎按摩仪 4098蓝牙款2代  白色 4098 蓝牙款,¥260,¥379,最低价仅1件,,https://i0.hdslb.com/bfs/mall/vendor/ea/58/ea58052a99a64023c40d993cf3d17b37.png,https://mall.bilibili.com/neul-next/resell/detail.html?noTitleBar=1&clusterId=10000002339
10000002165,奕狐 狩猎switchpro手柄 连发ns 蓝牙无线pc电脑 steamdeck游戏手机ios原神 SE3909,¥75,¥129,最低价仅1件,,https://i0.hdslb.com/bfs/mall/vendor/1e/20/1e20323aefe76242ab34bc9ce9d54841.png,https://mall.bilibili.com/neul-next/resell/detail.html?noTitleBar=1&clusterId=10000002165
10000008817,"华为路由器AX3pro new
 纯白色",¥195,¥239,最低价仅1件,,https://i0.hdslb.com/bfs/mall/vendor/cf/aa/cfaad0d23dfb44a5ea7a16cfd866c0f4.png,https://mall.bilibili.com/neul-next/resell/detail.html?noTitleBar=1&clusterId=10000008817
10000001407,sanag Z37 耳夹式迷你无线蓝牙5.4运动耳机手机游戏通话跑步健身专用 Z37 幸运米,¥140,¥149,最低价仅1件,,https://i0.hdslb.com/bfs/mall/vendor/f7/f0/f7f00f307de223246673c6f2f33b65dc.png,https://mall.bilibili.com/neul-next/resell/detail.html?noTitleBar=1&clusterId=10000001407
10000006906,黑爵（AJAZZ）AK680v2 磁轴键盘 RGB灯光  有线带手托 AK680V2 炎擎轴 透明渐变粉 有线带手托,¥200,¥229,最低价仅1件,,https://i0.hdslb.com/bfs/mall/vendor/13/99/1399a48745298b41d3b047f37778d205.png,https://mall.bilibili.com/neul-next/resell/detail.html?noTitleBar=1&clusterId=10000006906
10000002151,赛睿（SteelSeries）Prime Mini GamingMouse有线 Prime Mini有线,¥90,¥189,最低价仅1件,,https://i0.hdslb.com/bfs/mall/vendor/e6/b3/e6b381c2ce30ebceb2e1356c880e2e77.png,https://mall.bilibili.com/neul-next/resell/detail.html?noTitleBar=1&clusterId=10000002151
10000003616,"雷神 三模游戏鼠标 ML6Pro 白
 ML6Pro 白",¥115,¥179,最低价仅1件,,https://i0.hdslb.com/bfs/mall/vendor/02/66/02663c6b02c2c52caf9029aaad496756.png,https://mall.bilibili.com/neul-next/resell/detail.html?noTitleBar=1&clusterId=10000003616
10000002668,JAKKSPACIFIC 任天堂马力欧电影版2.5寸公仔 2.5寸铁球怪公仔,¥19.9,¥76,最低价仅1件,,https://i0.hdslb.com/bfs/mall/vendor/6c/d4/6cd4a9a467b13d84143b4bf056c0a695.png,https://mall.bilibili.com/neul-next/resell/detail.html?noTitleBar=1&clusterId=10000002668
10000010253,sanag T11 新款迷你半入耳式真无线蓝牙耳机立体音效手机通话运动耳塞 T11 静海黑,¥60,¥99,最低价仅1件,,https://i0.hdslb.com/bfs/mall/vendor/33/5d/335d598451189d7577b266d8c677b093.png,https://mall.bilibili.com/neul-next/resell/detail.html?noTitleBar=1&clusterId=10000010253
10000002928,影石Insta360 LNK2C 摄像头 主机版 标准套装 石墨黑/灵动白 LNK2C摄像头主机版标准套装石墨黑,¥640,¥698,最低价仅1件,,https://i0.hdslb.com/bfs/mall/vendor/fa/cf/facfce8627825dafc1e627b1e57f88de.png,https://mall.bilibili.com/neul-next/resell/detail.html?noTitleBar=1&clusterId=10000002928
10000003963,SKG B3 运动护膝 保健护具 M码（1只）,¥50,¥149,最低价仅2件,,https://i0.hdslb.com/bfs/mall/vendor/a9/ac/a9ac8dd0c14a44f6494b331b69a19bff.png,https://mall.bilibili.com/neul-next/resell/detail.html?noTitleBar=1&clusterId=10000003963
10000003643,狼蛛（AULA）S2022 有线背光机械键盘 黑色,¥69,¥99.9,最低价仅2件,,https://i0.hdslb.com/bfs/mall/vendor/3c/05/3c05b8abf426ef2bc4b08f3cc2e6a8c5.png,https://mall.bilibili.com/neul-next/resell/detail.html?noTitleBar=1&clusterId=10000003643
10000007319,前行者（EWEADN）G9 有声宏编程机械鼠标 黑色,¥30,¥49.9,最低价仅2件,,https://i0.hdslb.com/bfs/mall/vendor/8f/1f/8f1f0c5d28be520d69f31b601b663e1d.png,https://mall.bilibili.com/neul-next/resell/detail.html?noTitleBar=1&clusterId=10000007319
10000010555,雷神银翼有线游戏耳机HG503 HG503PRO 未来白,¥119,¥179,最低价仅1件,,https://i0.hdslb.com/bfs/mall/vendor/01/b8/01b80e2893a78425ade21ed7576cb247.png,https://mall.bilibili.com/neul-next/resell/detail.html?noTitleBar=1&clusterId=10000010555
10000006473,小米米家口袋照片打印机 Pro pro,¥448,¥599,最低价仅1件,,https://i0.hdslb.com/bfs/mall/vendor/d3/3a/d33a3df39c7d3f48a1885e99cd3b04c6.png,https://mall.bilibili.com/neul-next/resell/detail.html?noTitleBar=1&clusterId=10000006473
10000005293,CHERRY樱桃MW5500 PRO宝可梦耿鬼IP款 MW5500pro耿鬼,¥499,¥599,最低价仅2件,,https://i0.hdslb.com/bfs/mall/vendor/82/58/82581c5e4e0762a490bfbb1f464d848d.png,https://mall.bilibili.com/neul-next/resell/detail.html?noTitleBar=1&clusterId=10000005293
10000008504,黑爵 AHW10 头戴式有线电竞耳机 RGB灯效 AHW10 黑色 有线 头戴式耳机 RGB,¥75,¥119,最低价仅2件,,https://i0.hdslb.com/bfs/mall/vendor/34/4a/344ab588b9d999d071d1f6658f89f976.png,https://mall.bilibili.com/neul-next/resell/detail.html?noTitleBar=1&clusterId=10000008504
10000006673,马克图布 蜡笔小新 野原新之助 康达姆音箱礼袋版 蜡笔小新康达姆蓝牙音箱,¥115,¥159,最低价仅2件,蜡笔小新热销TOP6,https://i0.hdslb.com/bfs/mall/vendor/1b/c5/1bc586e113a58593d7fa0029a74eb73b.png,https://mall.bilibili.com/neul-next/resell/detail.html?noTitleBar=1&clusterId=10000006673
10000002326,微星（MSI）神影16 Max 2026 16英寸游戏笔记本电脑(酷睿Ultra 9-290HX Plus RTX5060 16G 1TB 2.5K/240Hz屏) U9-290HX Plus RTX5060,¥10500,¥12999,最低价仅1件,,https://i0.hdslb.com/bfs/mall/vendor/5e/a1/5ea140ad3bbf0f6574e028a9f265468e.png,https://mall.bilibili.com/neul-next/resell/detail.html?noTitleBar=1&clusterId=10000002326
10000001570,JAKKSPACIFIC 任天堂马力欧电影版2.5寸公仔 2.5寸板栗仔公仔,¥51,¥76,最低价仅1件,,https://i0.hdslb.com/bfs/mall/vendor/79/84/7984679148bc3e53116ff68072d4ee49.png,https://mall.bilibili.com/neul-next/resell/detail.html?noTitleBar=1&clusterId=10000001570
10000005708,黑爵（AJAZZ）AJ159APEX三模游戏鼠标 轻量化 彩屏 磁吸充电底座 AJ159APEX三模鼠标（中小手型）蓝色,¥180,¥299,最低价仅1件,,https://i0.hdslb.com/bfs/mall/vendor/d8/29/d829786ea6a7e9636e0bb631b040d0ba.png,https://mall.bilibili.com/neul-next/resell/detail.html?noTitleBar=1&clusterId=10000005708
10000000272,机械师（MACHENIKE）G7轻量化电竞鼠标 青色,¥58,¥99,最低价仅1件,,https://i0.hdslb.com/bfs/mall/vendor/e7/d9/e7d9c821f7c66ae09d1acddb4cd9d724.png,https://mall.bilibili.com/neul-next/resell/detail.html?noTitleBar=1&clusterId=10000000272
10000005170,SKG  4097 颈椎按摩器 脉冲按摩仪 时尚语音 白色,¥110,¥299,最低价仅3件,,https://i0.hdslb.com/bfs/mall/vendor/36/03/36038588437b86b108afa431f1c0b75c.png,https://mall.bilibili.com/neul-next/resell/detail.html?noTitleBar=1&clusterId=10000005170
10000002343,AKKO初音未来联名机械键盘樱花粉色少女办公蓝牙无线秒开Deepseek 樱花未来三模键盘-钢琴轴,¥246,¥499,最低价仅1件,,https://i0.hdslb.com/bfs/mall/vendor/40/5b/405bf86a2c0395298835ab95c85bd1c9.png,https://mall.bilibili.com/neul-next/resell/detail.html?noTitleBar=1&clusterId=10000002343
10000012370,富士 × 洛天依联名款氧气相机 富士胶片 洛天依氧气相机 氧气银(早鸟价限量1000）,¥180,¥219,最低价仅1件,,https://i0.hdslb.com/bfs/mall/mall/89/73/897309cb911346063a65333febd8f79d.jpg,https://mall.bilibili.com/neul-next/resell/detail.html?noTitleBar=1&clusterId=10000012370
10000005120,"SKG U型护颈枕 N1系列1代  灰色 尊享款
 尊享款",¥129,¥199,最低价仅1件,,https://i0.hdslb.com/bfs/mall/vendor/ed/b4/edb4ea719c0b21dd7abab3f9b7524b5f.png,https://mall.bilibili.com/neul-next/resell/detail.html?noTitleBar=1&clusterId=10000005120
10000009606,阿米洛 八云机械键盘 88键 有线Cherry红轴 欧式北欧3 阿米洛-八雲-88键有线-Cherry茶轴,¥190,¥509,最低价仅2件,,https://i0.hdslb.com/bfs/mall/vendor/95/06/9506ff46b1ea818b7b0efb9b084dd7b5.png,https://mall.bilibili.com/neul-next/resell/detail.html?noTitleBar=1&clusterId=10000009606
10000008791,sanag B22S 骨传导无线蓝牙运动耳机跑步健身专用防水挂耳式不入耳手机通话 B22S 蓝色,¥80,¥199,最低价仅1件,,https://i0.hdslb.com/bfs/mall/vendor/db/d6/dbd6eaf9f9721e125953a5d112b1d1c4.png,https://mall.bilibili.com/neul-next/resell/detail.html?noTitleBar=1&clusterId=10000008791
10000012364,Cherry x 解限机「矛隼」联名键盘  典藏版套装 典藏版矛隼联名礼盒,¥969,¥1699,最低价仅1件,解限机热销TOP10,https://i0.hdslb.com/bfs/mall/vendor/29/5d/295d3d05aa9badc5844293df0ed87325.png,https://mall.bilibili.com/neul-next/resell/detail.html?noTitleBar=1&clusterId=10000012364
10000005735,SKG  筋膜枪 F1系列1代  银色 尊享款 尊享款,¥129,¥199,最低价仅2件,,https://i0.hdslb.com/bfs/mall/vendor/e1/87/e187e375cb3cba0c4c098a369029e92d.png,https://mall.bilibili.com/neul-next/resell/detail.html?noTitleBar=1&clusterId=10000005735
10000002170,奕狐 小黄鸭无线蓝牙游戏手柄 震动体感PC电脑平板游戏 萌新粉面壳+黑手柄,¥119,¥199,最低价仅1件,,https://i0.hdslb.com/bfs/mall/vendor/af/72/af724d6480d3f4ced32be0aa7b325df6.png,https://mall.bilibili.com/neul-next/resell/detail.html?noTitleBar=1&clusterId=10000002170
10000004142,"Xiaomi智能家庭屏Pro8
 黑色",¥450,¥699,最低价仅1件,,https://i0.hdslb.com/bfs/mall/vendor/fa/ff/faffd6f3c0ffb800eea6a0821b911e7f.png,https://mall.bilibili.com/neul-next/resell/detail.html?noTitleBar=1&clusterId=10000004142
10000004356,幻16 Air 2026 GU606AM386-0ECHXHB8X20 5060 铂月白 Intel Core Ultra 9 386HRT,¥20999,¥23999,最低价仅1件,,https://i0.hdslb.com/bfs/mall/mall/e0/38/e03876579ea849791cef9d4b19a1b724.png,https://mall.bilibili.com/neul-next/resell/detail.html?noTitleBar=1&clusterId=10000004356
10000001182,罗技G102有线游戏鼠标 蓝色,¥89,¥149,最低价仅1件,,https://i0.hdslb.com/bfs/mall/mall/21/f4/21f49273896381cd8489bf5d071d10ce.png,https://mall.bilibili.com/neul-next/resell/detail.html?noTitleBar=1&clusterId=10000001182
10000009087,Cherry 宝可梦联名RGB光影垫 宝可梦RGB光影垫,¥188.9,¥499,最低价仅1件,,https://i0.hdslb.com/bfs/mall/vendor/bf/e3/bfe32ff2d4ec7bb93dd98faa7ac62af8.png,https://mall.bilibili.com/neul-next/resell/detail.html?noTitleBar=1&clusterId=10000009087
10000006485,"Apple AirPods 4 无线蓝牙耳机

 降噪版",¥1100,¥1399,最低价仅1件,,https://i0.hdslb.com/bfs/mall/vendor/c9/d7/c9d7d9752ce6a4111656d18d8fd88199.png,https://mall.bilibili.com/neul-next/resell/detail.html?noTitleBar=1&clusterId=10000006485
10000003639,JAKKSPACIFIC 任天堂马力欧电影版2.5寸公仔 2.5寸浣熊马力欧公仔,¥50,¥76,最低价仅1件,,https://i0.hdslb.com/bfs/mall/vendor/40/85/40851bfe8ea39ec4acd926599ac91d1a.png,https://mall.bilibili.com/neul-next/resell/detail.html?noTitleBar=1&clusterId=10000003639
10000008637,漫步者 Zero Air 简约迷你真无线蓝牙5.3耳机手机游戏电竞AI通话降噪耳塞 烟粉,¥80,¥129,最低价仅1件,,https://i0.hdslb.com/bfs/mall/vendor/50/41/5041c3bb4793d9949703919bf10daa10.png,https://mall.bilibili.com/neul-next/resell/detail.html?noTitleBar=1&clusterId=10000008637
10000003295,HUAWEI Mate XTs | ULTIMATE DESIGN 非凡大师 华为三折叠屏 鸿蒙智能手机 16G+512G/瑞红,¥18000,¥19999,最低价仅1件,,https://i0.hdslb.com/bfs/mall/vendor/b5/62/b562df495b291fdba5ec92a73f25c831.png,https://mall.bilibili.com/neul-next/resell/detail.html?noTitleBar=1&clusterId=10000003295
10000009053,荣耀Robot Phone 12GB+512GB 月影灰,¥9499,¥9999,最低价仅1件,,https://i0.hdslb.com/bfs/mall/vendor/d8/38/d838cb1b3f975e18a5808061be5a8da0.png,https://mall.bilibili.com/neul-next/resell/detail.html?noTitleBar=1&clusterId=10000009053
10000004186,Xiaomi 智能音箱  超级小爱智能音箱  沧蓝,¥180,¥249,最低价仅1件,,https://i0.hdslb.com/bfs/mall/vendor/b0/d9/b0d9418700aa87a1929d26320dabf6f3.png,https://mall.bilibili.com/neul-next/resell/detail.html?noTitleBar=1&clusterId=10000004186
10000006220,恩雅 NOVA U初音未来联名款尤克里里 粉色,¥299,¥499,最低价仅1件,,https://i0.hdslb.com/bfs/mall/mall/5e/ee/5eeeace47c2c529215f9e9ff116c401b.png,https://mall.bilibili.com/neul-next/resell/detail.html?noTitleBar=1&clusterId=10000006220
10000006904,sanag S6SPro2 高颜值无线蓝牙运动耳机高解析音质气传导手机游戏通话降噪舒适耳夹 S6SPro2 星芒紫,¥168,¥299,最低价仅1件,,https://i0.hdslb.com/bfs/mall/vendor/d9/5c/d95c75f90d42ea00a487eb2cf6f6f9a6.png,https://mall.bilibili.com/neul-next/resell/detail.html?noTitleBar=1&clusterId=10000006904
10000009229,大疆 DJI Mic 3 进阶迷你无线麦克风 DJI Mic 3 发射器,¥450,¥589,最低价仅1件,,https://i0.hdslb.com/bfs/mall/vendor/77/63/776356eaa6cf484c9b7517bad68917f0.png,https://mall.bilibili.com/neul-next/resell/detail.html?noTitleBar=1&clusterId=10000009229
10000001683,漫步者（EDIFIER）LolliClip SE耳夹式蓝牙耳机 开放式 翻译耳机 翻译机 蓝牙6.1 适用苹果华为小米 云霜金,¥399,¥599,最低价仅2件,,https://i0.hdslb.com/bfs/mall/vendor/8a/37/8a372886ec34764b3691675ecad6a3b8.png,https://mall.bilibili.com/neul-next/resell/detail.html?noTitleBar=1&clusterId=10000001683
10000008466,OPPO Find X9 Ultra 5G新品 拍照 旗舰手机 极地冰川 12GB+256GB,¥5933,¥7499,最低价仅1件,,https://i0.hdslb.com/bfs/mall/vendor/30/d6/30d615f48d086a8e1ad86a0db9bace5b.png,https://mall.bilibili.com/neul-next/resell/detail.html?noTitleBar=1&clusterId=10000008466
10000002136,Cherry x 解限机「矛隼」联名键盘   矛隼联名键盘+军火箱,¥1158,¥1499,最低价仅1件,解限机热销TOP6,https://i0.hdslb.com/bfs/mall/mall/4d/d6/4dd65ce4f80144e0b97b92f9d70c1f59.png,https://mall.bilibili.com/neul-next/resell/detail.html?noTitleBar=1&clusterId=10000002136
10000009210,MelGeek MADE68 AIR矮磁轴键盘 RT0.01便携游戏办公客制化 机械薄膜 Air 粉光,¥699.99,¥899,最低价仅1件,,https://i0.hdslb.com/bfs/mall/vendor/5d/6e/5d6e439d3b33c2c66703f57eb00de0a9.png,https://mall.bilibili.com/neul-next/resell/detail.html?noTitleBar=1&clusterId=10000009210
10000003204,Xiaomi 蓝牙音箱  声学小钢炮 澎湃智联 黑色,¥310,¥599,最低价仅1件,,https://i0.hdslb.com/bfs/mall/vendor/d0/8e/d08e96b0002647938e0021d7c8456bb4.png,https://mall.bilibili.com/neul-next/resell/detail.html?noTitleBar=1&clusterId=10000003204
10000012469,漫步者（EDIFIER）M330 II 复古桌面蓝牙音箱 大功率家庭无线可移动便携音响 一体式居家艺术音响 木纹色 新年礼物 贝母白,¥848,¥1299,最低价仅1件,,https://i0.hdslb.com/bfs/mall/vendor/f4/81/f4810ee983f2d642eabe21896920ae7e.png,https://mall.bilibili.com/neul-next/resell/detail.html?noTitleBar=1&clusterId=10000012469
10000010339,FIIL T1Pro 主动降噪真无线耳机 FIIL T1Pro 主动降噪真无线耳机 黑色,¥125,¥299,最低价仅1件,,https://i0.hdslb.com/bfs/mall/vendor/48/08/4808a5b1af8f7500b262b03d728000fe.png,https://mall.bilibili.com/neul-next/resell/detail.html?noTitleBar=1&clusterId=10000010339
10000004074,SKG 颈椎枕P1 1代  水绿色 标准款 水绿色 标准款,¥139,¥299,最低价仅1件,,https://i0.hdslb.com/bfs/mall/vendor/a2/d5/a2d57fa02c7cab1d69b0f3ff587fda29.png,https://mall.bilibili.com/neul-next/resell/detail.html?noTitleBar=1&clusterId=10000004074
10000007007,华为FreeBudsPro4蓝牙耳机 云杉绿,¥918,¥1249,最低价仅1件,,https://i0.hdslb.com/bfs/mall/vendor/cf/47/cf47a2c6ab9c5df43c773dd40a2d2b47.png,https://mall.bilibili.com/neul-next/resell/detail.html?noTitleBar=1&clusterId=10000007007
10000008453,漫步者花再Zero Air Pro 无线蓝牙耳机 半入耳式耳机 蓝牙6.0 41h持久续航 黑莓粉,¥99,¥159,最低价仅1件,,https://i0.hdslb.com/bfs/mall/vendor/bf/27/bf2799ed0754397bd2ba9946fe204c2f.png,https://mall.bilibili.com/neul-next/resell/detail.html?noTitleBar=1&clusterId=10000008453
10000009778,"外星人（Alienware）AW520H头戴式电竞耳机
 白色",¥399,¥699,最低价仅1件,,https://i0.hdslb.com/bfs/mall/vendor/53/fe/53fee9e483e1261c62bf3780fc357dee.png,https://mall.bilibili.com/neul-next/resell/detail.html?noTitleBar=1&clusterId=10000009778
10000002260,红魔 电竞机械键盘 TTC轴体 Gaske结构 热插拔底座 魔云智控屏显交互 100键紧凑型 悬浮PBT键帽 三模连接 1680万RGB炫彩灯效 GK001J 氘峰透明 银翼GK001J,¥540,¥1299,最低价仅1件,,https://i0.hdslb.com/bfs/mall/vendor/20/42/2042519802326b2594bc2e235ac92de4.png,https://mall.bilibili.com/neul-next/resell/detail.html?noTitleBar=1&clusterId=10000002260
10000002322,雷神 电竞游戏本笔记本 ZERO18 雷神 电竞游戏本笔记本 ZERO18,¥9222.22,¥10499,最低价仅1件,,https://i0.hdslb.com/bfs/mall/vendor/4d/2c/4d2c9b9fa2459328b757d0f4394c3cd7.png,https://mall.bilibili.com/neul-next/resell/detail.html?noTitleBar=1&clusterId=10000002322
10000007165,华硕（ASUS）27英寸游戏显示器 VY279HGR 显示器 VY279HGR,¥699,¥899,最低价仅1件,,https://i0.hdslb.com/bfs/mall/vendor/ca/37/ca3729069f44c4e4aa1ccbb83161a136.png,https://mall.bilibili.com/neul-next/resell/detail.html?noTitleBar=1&clusterId=10000007165
10000011787,sanag F20SPro 迷你无线蓝牙耳机跑步运动气传导耳夹 F20SPro 椰香米,¥75,¥159,最低价仅1件,,https://i0.hdslb.com/bfs/mall/vendor/2e/2c/2e2c585d9e1e3c5d161aba1a39f3a016.png,https://mall.bilibili.com/neul-next/resell/detail.html?noTitleBar=1&clusterId=10000011787
10000011763,华为FreeBudsPro4蓝牙耳机 曜石黑,¥700,¥1249,最低价仅1件,,https://i0.hdslb.com/bfs/mall/vendor/ef/06/ef06715f08bcdfea17483485719d3f32.png,https://mall.bilibili.com/neul-next/resell/detail.html?noTitleBar=1&clusterId=10000011763
10000011495,AKKO MG108B夏漾西瓜机械键盘三模蓝牙无线小馒头笔记本办公键盘 MG108B夏漾西瓜-钢琴轴,¥235,¥399,最低价仅1件,,https://i0.hdslb.com/bfs/mall/vendor/60/ec/60ec856f55f570c8c1dd842e783d7934.png,https://mall.bilibili.com/neul-next/resell/detail.html?noTitleBar=1&clusterId=10000011495
10000009548,华为HUAWEI 无线鼠标 无线鼠标-白,¥65,¥99,最低价仅1件,,https://i0.hdslb.com/bfs/mall/vendor/e9/eb/e9ebb8b5cd867abd11be8d0faf1490ec.png,https://mall.bilibili.com/neul-next/resell/detail.html?noTitleBar=1&clusterId=10000009548
10000011845,FIIL belt 蓝牙耳机 白色 白色,¥92,¥199,最低价仅1件,,https://i0.hdslb.com/bfs/mall/vendor/ef/f8/eff8dd3b7bda6d59cfb58eebf005bed3.png,https://mall.bilibili.com/neul-next/resell/detail.html?noTitleBar=1&clusterId=10000011845
10000007698,"前行者（EWEADN）M13蓝牙双模鼠标

 金属灰",¥55,¥89,最低价仅3件,,https://i0.hdslb.com/bfs/mall/vendor/79/a1/79a117c0d6358b0445c26e4ddc8c2a4a.png,https://mall.bilibili.com/neul-next/resell/detail.html?noTitleBar=1&clusterId=10000007698
10000007633,Apple AirPods Pro 3 AirPods Pro 3搭配MagSafe充电盒,¥1499,¥1899,最低价仅1件,,https://i0.hdslb.com/bfs/mall/mall/8e/67/8e67acf375de17fd426efdf07df76bc9.png,https://mall.bilibili.com/neul-next/resell/detail.html?noTitleBar=1&clusterId=10000007633
10000009365,大疆 DJI Mic 无线麦克风 一拖二 DJI Mic 无线麦克风 一拖二,¥490,¥999,最低价仅1件,,https://i0.hdslb.com/bfs/mall/vendor/60/8a/608a5492033d59ff2301c8ce76f1f555.png,https://mall.bilibili.com/neul-next/resell/detail.html?noTitleBar=1&clusterId=10000009365
10000003845,AKKO 必爱诺 联名机械键盘粉色可爱小绵羊办公游戏键盘秒开Deepseek 5108B Plus 必爱诺 三模机械键盘-V3 ,¥245,¥399,最低价仅1件,,https://i0.hdslb.com/bfs/mall/vendor/4a/af/4aaf032fefd7d98deb1f614c346ee8f6.png,https://mall.bilibili.com/neul-next/resell/detail.html?noTitleBar=1&clusterId=10000003845
10000003644,苹果Apple iPad Air 13 英寸 M4芯片 2026年新款 无线局域网 + 蜂窝网络机型 平板电脑 13 英寸 1TB  紫色,¥11222.22,¥13699,最低价仅1件,,https://i0.hdslb.com/bfs/mall/vendor/e1/d5/e1d5f251dcee7caa9e5cfc1930981998.png,https://mall.bilibili.com/neul-next/resell/detail.html?noTitleBar=1&clusterId=10000003644
10000000736,黑爵（AJAZZ）AK61 61键套筒热插拔有线版机械键盘 红轴 OEM黑灰黄 混光 DIY 有线版,¥80,¥139,最低价仅1件,,https://i0.hdslb.com/bfs/mall/vendor/63/02/6302fe5f67f144543df6945ea5645c02.png,https://mall.bilibili.com/neul-next/resell/detail.html?noTitleBar=1&clusterId=10000000736
10000003799,HUAWEI Mate XTs | ULTIMATE DESIGN 非凡大师 华为三折叠屏 鸿蒙智能手机 16G+512G/皓白,¥16100,¥19999,最低价仅1件,,https://i0.hdslb.com/bfs/mall/vendor/00/dc/00dce217ec398e8c2604100f8fbe3da0.png,https://mall.bilibili.com/neul-next/resell/detail.html?noTitleBar=1&clusterId=10000003799
10000007320,前行者（EWEADN）E11pro三模鼠标升级版 白色,¥56,¥109,最低价仅1件,,https://i0.hdslb.com/bfs/mall/vendor/56/df/56dfcbb45f667fa5f0bcadb86631ee25.png,https://mall.bilibili.com/neul-next/resell/detail.html?noTitleBar=1&clusterId=10000007320
10000003757,机械师 有线鼠标-探索黑 M7 Pro 机械师 有线鼠标-探索黑 M7 Pro,¥46.66,¥89,最低价仅1件,,https://i0.hdslb.com/bfs/mall/vendor/17/07/1707f7266cce14cda722cce3ae1d7a38.png,https://mall.bilibili.com/neul-next/resell/detail.html?noTitleBar=1&clusterId=10000003757
10000009812,"前行者（EWEADN）M71 RGB三模版键盘
 口红云苔轴",¥158,¥279,最低价仅1件,,https://i0.hdslb.com/bfs/mall/vendor/6b/14/6b1468e1ac775d9683986a0e31fad0ba.png,https://mall.bilibili.com/neul-next/resell/detail.html?noTitleBar=1&clusterId=10000009812
10000002327,"雷蛇（Razer）2026 灵刃18 游戏本笔记本电脑
 U9/5070Ti/32GB/1TB",¥27500,¥31999,最低价仅1件,,https://i0.hdslb.com/bfs/mall/vendor/6a/24/6a24a11a9facb3795139910ee6146dd9.png,https://mall.bilibili.com/neul-next/resell/detail.html?noTitleBar=1&clusterId=10000002327
10000007003,AKKO初音未来联名机械键盘樱花粉色少女办公蓝牙无线秒开Deepseek  5108B PLus 樱花未来三模键盘-奶青轴-,¥280,¥499,最低价仅1件,,https://i0.hdslb.com/bfs/mall/vendor/ca/60/ca6086403f0eda5c28d1ccd3e0828c16.png,https://mall.bilibili.com/neul-next/resell/detail.html?noTitleBar=1&clusterId=10000007003
10000002903,JAKKSPACIFIC 任天堂马力欧电影版2.5寸公仔 2.5寸耀西公仔,¥35,¥76,最低价仅1件,,https://i0.hdslb.com/bfs/mall/vendor/04/0e/040e2c5518ce7cec8470147dc071610c.png,https://mall.bilibili.com/neul-next/resell/detail.html?noTitleBar=1&clusterId=10000002903
10000003585,华为HUAWEI 多协议超级快充移动电源/充电宝10000mAh(Max22.5W SE)双向快充 黑色,¥115,¥179,最低价仅1件,,https://i0.hdslb.com/bfs/mall/vendor/e4/e2/e4e21ab7a9ac6d54a8737a91b58178ed.png,https://mall.bilibili.com/neul-next/resell/detail.html?noTitleBar=1&clusterId=10000003585
10000002080,黑爵（AJAZZ）AJ139 NL V3 PRO三模中大手电竞游戏鼠标 黑爵 AJ139 NL V3 Pro+ 三模 黑色,¥129,¥269,最低价仅1件,,https://i0.hdslb.com/bfs/mall/vendor/d8/6c/d86ce73a09d30b0a02d704f66f4169bb.png,https://mall.bilibili.com/neul-next/resell/detail.html?noTitleBar=1&clusterId=10000002080
10000010190,苏泊尔（SUPOR）多功能电煮锅电蒸锅电火锅 H3423FC862 H3423FC862,¥275,¥554,最低价仅1件,,https://i0.hdslb.com/bfs/mall/vendor/5d/d3/5dd37db585cd2f8079d85f12ad3f0b17.png,https://mall.bilibili.com/neul-next/resell/detail.html?noTitleBar=1&clusterId=10000010190
10000008086,HORI 星之卡比 NS2 / NS 無線控製器 TURBO [卡比 & 瓦豆魯迪系列] (NSX-124)(Hori) - 亞洲版  - 香港行货 跨境商品 手柄,¥450,¥529,最低价仅1件,,https://i0.hdslb.com/bfs/mall/mall/6d/e9/6de98af8f659548df6c59c8c110dd216.png,https://mall.bilibili.com/neul-next/resell/detail.html?noTitleBar=1&clusterId=10000008086
10000006509,外星人（Alienware）AW510K 有线键盘 白色,¥630,¥1299,最低价仅1件,,https://i0.hdslb.com/bfs/mall/vendor/a4/dd/a4dd6e052e07a20b48d78bc8ebd4c89e.png,https://mall.bilibili.com/neul-next/resell/detail.html?noTitleBar=1&clusterId=10000006509
10000007513,漫步者（EDIFIER）Halo Clip 深渊耳夹式蓝牙耳机 开放式蓝牙耳机 RGB灯效 长续航低延迟 幻境银,¥208,¥428,最低价仅1件,,https://i0.hdslb.com/bfs/mall/vendor/86/3c/863c07e587cc2f34a1424c05645e0d6f.png,https://mall.bilibili.com/neul-next/resell/detail.html?noTitleBar=1&clusterId=10000007513
10000011775,"HUAWEI Mate 80
 12GB+512GB 晨曦金",¥4699,¥5199,最低价仅1件,,https://i0.hdslb.com/bfs/mall/vendor/a6/2a/a62a1262c6454289d9200d56fb0184ed.png,https://mall.bilibili.com/neul-next/resell/detail.html?noTitleBar=1&clusterId=10000011775
10000003623,黑爵（AJAZZ）AJ179 V2 TITAN 三模鼠标 游戏办公 AJ179 V2 TITAN 三模鼠标 橙色,¥199,¥299,最低价仅1件,,https://i0.hdslb.com/bfs/mall/vendor/6b/0e/6b0eec53160a72a3bb86823f51943526.png,https://mall.bilibili.com/neul-next/resell/detail.html?noTitleBar=1&clusterId=10000003623
10000010997,荣耀Robot Phone 12GB+512GB 星轨银,¥9200,¥9999,最低价仅1件,,https://i0.hdslb.com/bfs/mall/vendor/6b/9f/6b9fd8126cbd334e71b6fd75f345bd96.png,https://mall.bilibili.com/neul-next/resell/detail.html?noTitleBar=1&clusterId=10000010997
10000003834,华为FreeArc耳挂耳机 星空黑,¥645,¥799,最低价仅1件,,https://i0.hdslb.com/bfs/mall/vendor/69/83/6983af00cb0dbae64e2e79a98f47e44d.png,https://mall.bilibili.com/neul-next/resell/detail.html?noTitleBar=1&clusterId=10000003834
10000005531,AKKO 初音未来 联名樱花粉鼠标三模8K游戏办公无线蓝牙人体工学标 AG ONE 樱花未来,¥220,¥339,最低价仅1件,,https://i0.hdslb.com/bfs/mall/vendor/7e/29/7e2966a95ddb47532cceb6bfe4238d8a.png,https://mall.bilibili.com/neul-next/resell/detail.html?noTitleBar=1&clusterId=10000005531
10000008815,黑爵 switch pro 蓝牙手柄(有线双模式） 黑爵 switch pro 蓝牙手柄 蓝红,¥75,¥169,最低价仅1件,,https://i0.hdslb.com/bfs/mall/mall/42/13/4213b1a2a05999552c5faece0cb205d8.png,https://mall.bilibili.com/neul-next/resell/detail.html?noTitleBar=1&clusterId=10000008815
10000006732,NINTENDO SWITCH 2二代Pro手柄 二代Pro,¥400,¥579,最低价仅1件,,https://i0.hdslb.com/bfs/mall/vendor/a5/f9/a5f9acde1dd343906bb8124d8f77bc08.png,https://mall.bilibili.com/neul-next/resell/detail.html?noTitleBar=1&clusterId=10000006732
10000002459,CHERRY樱桃xtrfy M42游戏鼠标有线电竞CSGO轻量化电脑CFHD吃鸡守望先锋滑鼠 白色,¥189,¥399,最低价仅1件,,https://i0.hdslb.com/bfs/mall/vendor/52/9b/529bb7923fc17408fed44027525794cf.png,https://mall.bilibili.com/neul-next/resell/detail.html?noTitleBar=1&clusterId=10000002459
10000010116,华硕 TUF-RTX3070TI-O8G-V2-GAMING 游戏显卡 TUF-RTX3070TI-O8G-V2-GAMING 游戏显卡,¥4666,¥4999,最低价仅1件,,https://i0.hdslb.com/bfs/mall/mall/ed/b7/edb769476841278bc92594520ebe5d13.png,https://mall.bilibili.com/neul-next/resell/detail.html?noTitleBar=1&clusterId=10000010116
10000005061,Razer 雷蛇 新世纪福音战士 EVA 二号机联名 黑寡妇蜘蛛V4竞技极速版游戏键盘 新世界福音战士二号机联名款键盘,¥1250,¥1499,最低价仅1件,,https://i0.hdslb.com/bfs/mall/vendor/84/9e/849e1c13d83b688fa9d28b54b0013912.png,https://mall.bilibili.com/neul-next/resell/detail.html?noTitleBar=1&clusterId=10000005061
10000007314,"DJI Neo 2（仅飞行器）
 DJI Neo 2（仅飞行器）",¥1229.9,¥1499,最低价仅1件,,https://i0.hdslb.com/bfs/mall/vendor/4d/14/4d14c51a8c2b051707d169efbc1ac3d8.png,https://mall.bilibili.com/neul-next/resell/detail.html?noTitleBar=1&clusterId=10000007314
10000003833,MelGeek MADE68 ULTRA+ EVA联名磁轴键盘 铝坨坨 电竞键盘 made68 ultra EVA联名,¥1299,¥1749,最低价仅1件,,https://i0.hdslb.com/bfs/mall/vendor/35/2c/352cb705af6a24e969d227aedabed926.png,https://mall.bilibili.com/neul-next/resell/detail.html?noTitleBar=1&clusterId=10000003833
10000003015,SKG  颈椎按摩仪 K3 倍护3  白色 K3倍护,¥150,¥299,最低价仅1件,,https://i0.hdslb.com/bfs/mall/vendor/67/4f/674f0c519bc436e33f13893820ddeaed.png,https://mall.bilibili.com/neul-next/resell/detail.html?noTitleBar=1&clusterId=10000003015
10000010936,"雷神 电竞游戏笔记本 ZERO Air15-U7356H56E1Q165RB
 雷神 电竞游戏笔记本 ZERO Air15-U73",¥11998,¥13999,最低价仅1件,,https://i0.hdslb.com/bfs/mall/vendor/7c/6e/7c6e54391165d0532e5c1ad64e018018.png,https://mall.bilibili.com/neul-next/resell/detail.html?noTitleBar=1&clusterId=10000010936
10000000524,富士instax mini Link3 手机照片打印机 陶土白 单机 白色,¥430,¥799,最低价仅1件,,https://i0.hdslb.com/bfs/mall/vendor/77/d0/77d0c89f242a440998db7208d1e7dc7c.png,https://mall.bilibili.com/neul-next/resell/detail.html?noTitleBar=1&clusterId=10000000524
10000002955,无限创燥 伟大的艺术家周同学 智能声控 小夜灯 伟大的艺术家周同学 智能声控 小夜灯,¥166,¥268,最低价仅1件,周同学热销TOP1,https://i0.hdslb.com/bfs/mall/mall/b9/36/b93667d11d92866c722eda364743f91b.png,https://mall.bilibili.com/neul-next/resell/detail.html?noTitleBar=1&clusterId=10000002955
10000002085,达尔优（dareu）EK815机械合金版机械键盘 有线电竞游戏键盘 87键多键无冲 笔记本电脑键盘 87键合金版混光-黑银(黑轴),¥90,¥129,最低价仅1件,,https://i0.hdslb.com/bfs/mall/vendor/6c/a0/6ca08bd41e32af02526f74ef638f7c46.png,https://mall.bilibili.com/neul-next/resell/detail.html?noTitleBar=1&clusterId=10000002085
10000006465,华为Freebuds6蓝牙耳机 极光紫,¥850,¥999,最低价仅1件,,https://i0.hdslb.com/bfs/mall/vendor/fb/40/fb405dc7ede3565b8025e0b3f30e4272.png,https://mall.bilibili.com/neul-next/resell/detail.html?noTitleBar=1&clusterId=10000006465
10000009749,sanag S6SPro2 高颜值无线蓝牙运动耳机高解析音质气传导手机游戏通话降噪舒适耳夹 S6SPro2 无尽黑,¥139.99,¥299,最低价仅1件,,https://i0.hdslb.com/bfs/mall/vendor/e7/94/e79419b8014c641bb2526646b6300496.png,https://mall.bilibili.com/neul-next/resell/detail.html?noTitleBar=1&clusterId=10000009749
10000001802,"富士 一次成像 mini Evo Cinema
 标配",¥1669,¥2799,最低价仅1件,,https://i0.hdslb.com/bfs/mall/vendor/d4/1a/d41a5540d625214a9abab5a5025df104.png,https://mall.bilibili.com/neul-next/resell/detail.html?noTitleBar=1&clusterId=10000001802
10000004170,"雷神 三模游戏鼠标 ML903 4K 黑透
 ML903 4K 黑透",¥260,¥369,最低价仅1件,,https://i0.hdslb.com/bfs/mall/vendor/2d/3d/2d3da78cabe1ffcac8df3945a4f59200.png,https://mall.bilibili.com/neul-next/resell/detail.html?noTitleBar=1&clusterId=10000004170
10000008403,sanag F20SPro 迷你无线蓝牙耳机跑步运动气传导耳夹 F20SPro 墨染黑,¥79,¥159,最低价仅1件,,https://i0.hdslb.com/bfs/mall/vendor/b3/d9/b3d9cdff4900e084bc4848ab13ed4cc0.png,https://mall.bilibili.com/neul-next/resell/detail.html?noTitleBar=1&clusterId=10000008403
10000005409,AKKO初音未来联名机械键盘樱花粉色少女办公蓝牙无线秒开Deepseek 樱花未来三模键盘-奶青轴,¥288.91,¥499,最低价仅1件,,https://i0.hdslb.com/bfs/mall/vendor/fa/15/fa1556e96b9ca6e3ae433a87489b9477.png,https://mall.bilibili.com/neul-next/resell/detail.html?noTitleBar=1&clusterId=10000005409
10000003777,DJI Osmo Pocket 3 标准版 DJI Osmo Pocket 3 标准版,¥2190,¥3499,最低价仅1件,,https://i0.hdslb.com/bfs/mall/vendor/f3/5e/f35ed48d636a6dbebdd426cf7b9989ec.png,https://mall.bilibili.com/neul-next/resell/detail.html?noTitleBar=1&clusterId=10000003777
10000006082,OPPO Reno16 Pro 超稳超还原的直播神器 5G智能 AI拍照手机 12GB+256GB 怦然星动,¥3600,¥4499,最低价仅1件,,https://i0.hdslb.com/bfs/mall/vendor/3b/02/3b0235946dd9e251af0c9d530367deca.png,https://mall.bilibili.com/neul-next/resell/detail.html?noTitleBar=1&clusterId=10000006082
10000007478,华硕VG249QM5A 23.8英寸FASTIPS显示器电竞显示器 VG249QM5A,¥705,¥849,最低价仅1件,,https://i0.hdslb.com/bfs/mall/vendor/c0/88/c0880ee0fca8bb1a75039c251b8b8211.png,https://mall.bilibili.com/neul-next/resell/detail.html?noTitleBar=1&clusterId=10000007478
10000004200,JAKKSPACIFIC 任天堂马力欧电影版2.5寸公仔 2.5英寸碧姬公主公仔,¥36,¥76,最低价仅1件,,https://i0.hdslb.com/bfs/mall/vendor/3c/51/3c51786e45201bad84895aac474dc896.png,https://mall.bilibili.com/neul-next/resell/detail.html?noTitleBar=1&clusterId=10000004200
10000008395,图拉斯 小冰块 苹果充电器套装 35W+1.68米双C线 CQ5 粉色,¥89,¥188,最低价仅1件,,https://i0.hdslb.com/bfs/mall/vendor/13/df/13dfbde5db155faf733d918244021f4f.png,https://mall.bilibili.com/neul-next/resell/detail.html?noTitleBar=1&clusterId=10000008395
10000009018,狼蛛（AULA）FIRE100 三模客制化机械键盘（有键帽） 星耀PC定位板+焦糖拿铁轴V2（有键帽） ,¥645,¥999,最低价仅1件,,https://i0.hdslb.com/bfs/mall/vendor/5c/a1/5ca17caf87f29032b66f41c66482d5f3.png,https://mall.bilibili.com/neul-next/resell/detail.html?noTitleBar=1&clusterId=10000009018
10000004149,漫步者（EDIFIER）Lolli Clip AI智能耳夹 开放式降噪蓝牙耳机 无线运动耳机 多语言互译 暮霭黑,¥488,¥699,最低价仅1件,,https://i0.hdslb.com/bfs/mall/vendor/3a/9b/3a9b3367a4abc31379dc5cd10ec5b21f.png,https://mall.bilibili.com/neul-next/resell/detail.html?noTitleBar=1&clusterId=10000004149
10000012457,AKKO YU01透光械键盘客制化蓝牙无线三模电竞游戏办公无限畅联 YU01玉珠-钢琴轴,¥300,¥599,最低价仅1件,,https://i0.hdslb.com/bfs/mall/vendor/fe/0f/fe0f0603871fd4a7b0d03a9d7ac13b31.png,https://mall.bilibili.com/neul-next/resell/detail.html?noTitleBar=1&clusterId=10000012457
10000008085,华为FreeBuds-SE3无线耳机 SE3-星际黑,¥129,¥199,最低价仅1件,,https://i0.hdslb.com/bfs/mall/vendor/54/84/548494bb7482cfcc6e2a9b2cab6d7bf1.png,https://mall.bilibili.com/neul-next/resell/detail.html?noTitleBar=1&clusterId=10000008085
10000009142,"YAMAHA 雅马哈 孤独摇滚联名电吉他 pac112j-lb 湖水蓝
 孤独摇滚联名电吉他 pac112j-lb 湖水蓝",¥2500,¥2984,最低价仅1件,,https://i0.hdslb.com/bfs/mall/vendor/4d/37/4d3797dda1d05f5078294372aa3a5556.png,https://mall.bilibili.com/neul-next/resell/detail.html?noTitleBar=1&clusterId=10000009142
10000007278,米家空气净化器 4 Pro 4PRO,¥1100,¥1499,最低价仅1件,,https://i0.hdslb.com/bfs/mall/vendor/84/ad/84adb57eab3188918faa281a727be93e.png,https://mall.bilibili.com/neul-next/resell/detail.html?noTitleBar=1&clusterId=10000007278
10000001629,Apple AirPods 4 非主动降噪,¥800,¥999,近期涨115元、最低价仅1件,,https://i0.hdslb.com/bfs/mall/vendor/6b/ce/6bce4d0f04ad773173b3bdb6dd426b1e.png,https://mall.bilibili.com/neul-next/resell/detail.html?noTitleBar=1&clusterId=10000001629
10000012271,影石Insta360 X4 Air 全景运动相机 石墨黑 无内存卡 X4 Air 标准套餐（石墨黑 无内存卡）,¥2299,¥2399,最低价仅1件,,https://i0.hdslb.com/bfs/mall/vendor/29/53/29537fec000be791d136b31c1c5be0e2.png,https://mall.bilibili.com/neul-next/resell/detail.html?noTitleBar=1&clusterId=10000012271
10000009066,sanag M13SProMax 迷你无线蓝牙音箱高解析音质手机通话户外便携防水大音量音响 M13SProMax 浪漫紫霞,¥98,¥179,最低价仅1件,,https://i0.hdslb.com/bfs/mall/vendor/4a/00/4a00ea42f564c50a89923f55a00358a4.png,https://mall.bilibili.com/neul-next/resell/detail.html?noTitleBar=1&clusterId=10000009066
10000010729,FIIL Atom耳夹真无线蓝牙耳机  灰色,¥125,¥199,最低价仅1件,,https://i0.hdslb.com/bfs/mall/vendor/f0/e0/f0e04c5269495c4b52b75f06be21aacb.png,https://mall.bilibili.com/neul-next/resell/detail.html?noTitleBar=1&clusterId=10000010729
10000003106,JAKKSPACIFIC 任天堂马力欧电影版2.5寸公仔 2.5寸奇诺比奥公仔,¥40,¥76,最低价仅1件,,https://i0.hdslb.com/bfs/mall/vendor/ff/15/ff15f761acb0e1abfa9268f001f61be2.png,https://mall.bilibili.com/neul-next/resell/detail.html?noTitleBar=1&clusterId=10000003106
10000010977,雷神JQ25F400-HP24.5寸2560*1440360hz（OC 400hz）无底座Fast IPS 雷神JQ25F400-HP24.5寸2560*14,¥1400,¥2221,最低价仅1件,,https://i0.hdslb.com/bfs/mall/vendor/cd/7f/cd7f296c9a0741f491f81cc5a69f3fa9.png,https://mall.bilibili.com/neul-next/resell/detail.html?noTitleBar=1&clusterId=10000010977
10000012412,机械革命极光X 2026 16英寸游戏本笔记本电脑(酷睿i7-13700HX 16G 1T RTX5060 2.5K屏 180Hz 灰) i7-13700HX/16G/1T灰,¥9300,¥9999,最低价仅1件,,https://i0.hdslb.com/bfs/mall/vendor/f5/ee/f5eeba67a53df0cd2204eeecc933c3eb.png,https://mall.bilibili.com/neul-next/resell/detail.html?noTitleBar=1&clusterId=10000012412
10000003371,黑爵（AJAZZ）AF68三模连接小配列半透双色键帽RGB薄膜键盘 AF68 粉色 三模 RGB,¥129,¥229,最低价仅2件,,https://i0.hdslb.com/bfs/mall/vendor/5d/29/5d299486036071d5333bae0a21f05072.png,https://mall.bilibili.com/neul-next/resell/detail.html?noTitleBar=1&clusterId=10000003371
10000007543,金百达（KINGBANK） SSD固态硬盘  KP230 256GB,¥330,¥359,最低价仅2件,,https://i0.hdslb.com/bfs/mall/vendor/34/18/341874182e5b9220204951985f7c989a.png,https://mall.bilibili.com/neul-next/resell/detail.html?noTitleBar=1&clusterId=10000007543
10000012682,美的（Midea）电饭煲 MB-TQ451 MB-TQ451,¥320,¥399,最低价仅1件,,https://i0.hdslb.com/bfs/mall/vendor/40/bd/40bde5ebe455c664755998086f081502.png,https://mall.bilibili.com/neul-next/resell/detail.html?noTitleBar=1&clusterId=10000012682
10000011687,HUAWEI WATCH FIT 5 悦动白,¥750,¥1099,最低价仅1件,,https://i0.hdslb.com/bfs/mall/vendor/46/b5/46b56dc78985248a5d6337a80b48c35d.png,https://mall.bilibili.com/neul-next/resell/detail.html?noTitleBar=1&clusterId=10000011687
10000010929,"雷神 三模游戏鼠标 ML903 4K 白
 ML903 4K 白",¥255,¥369,最低价仅1件,,https://i0.hdslb.com/bfs/mall/vendor/58/bb/58bb3752c385ee1273292c76f6f7d3a5.jpg,https://mall.bilibili.com/neul-next/resell/detail.html?noTitleBar=1&clusterId=10000010929
10000011501,阿米洛 勇士翱翔 87键有线机械键盘 勇士翱翔87键有线  静音红轴,¥390,¥615,最低价仅1件,,https://i0.hdslb.com/bfs/mall/vendor/6d/cb/6dcbde2162104ef82a12727249cc69fc.png,https://mall.bilibili.com/neul-next/resell/detail.html?noTitleBar=1&clusterId=10000011501
10000012637,RingConnGen 3 智能指环 缎光银11号（内周长65.1）,¥2500,¥2799,最低价仅1件,,https://i0.hdslb.com/bfs/mall/vendor/e4/e8/e4e8cfc4f2820e1a33220b85bd9ce05a.png,https://mall.bilibili.com/neul-next/resell/detail.html?noTitleBar=1&clusterId=10000012637
10000009979,CHERRY樱桃MX8.0 RGB游戏机械有线键盘87键铝制机身键盘铝制收纳箱 MX8.0白色白光-红轴,¥500,¥899,最低价仅1件,,https://i0.hdslb.com/bfs/mall/vendor/a3/cc/a3cc5853a0be3ef4b2e106fcfd1f70d4.png,https://mall.bilibili.com/neul-next/resell/detail.html?noTitleBar=1&clusterId=10000009979
10000011890,影石Insta360 GO 3S 拇指运动相机官方标配 星曜黑64G /灵动白128G GO3S 官方标配 灵动白 128G,¥1608,¥1898,最低价仅2件,,https://i0.hdslb.com/bfs/mall/vendor/10/1b/101b9d2b1a399d19f007c1c933c1602e.png,https://mall.bilibili.com/neul-next/resell/detail.html?noTitleBar=1&clusterId=10000011890
10000002137,Cherry x 解限机「矛隼」联名键盘    典藏版矛隼联名礼盒 ,¥1299,¥1699,最低价仅1件,,https://i0.hdslb.com/bfs/mall/mall/40/dd/40dd6930a16a4e8201d84ef837df195a.png,https://mall.bilibili.com/neul-next/resell/detail.html?noTitleBar=1&clusterId=10000002137
10000011735,小米无线鼠标3彩色版  粉色,¥58,¥99,最低价仅1件,,https://i0.hdslb.com/bfs/mall/vendor/d5/15/d51544345366e27a70311152ae742ebd.png,https://mall.bilibili.com/neul-next/resell/detail.html?noTitleBar=1&clusterId=10000011735
10000004296,幻14 Air 2026 GU405AM386-0ECIXHB8X20 5060 日蚀灰 Intel Core Ultra 9 386HRT,¥19999,¥21999,最低价仅1件,,https://i0.hdslb.com/bfs/mall/mall/bc/81/bc81d8fb70df33c841f3d45a8c3ace52.png,https://mall.bilibili.com/neul-next/resell/detail.html?noTitleBar=1&clusterId=10000004296
10000000152,漫步者 Zero Air 简约迷你真无线蓝牙5.3耳机手机游戏电竞AI通话降噪耳塞 夏紫,¥80,¥129,最低价仅1件,,https://i0.hdslb.com/bfs/mall/vendor/d8/93/d893e742c1e4621ee4952425438fc5e2.png,https://mall.bilibili.com/neul-next/resell/detail.html?noTitleBar=1&clusterId=10000000152
10000005426,机械师 RTX5080显卡 游戏本笔记本电脑 曙光18Pro L18Pro-U9275HX58G2Q240RB,¥19999,¥22999,最低价仅1件,,https://i0.hdslb.com/bfs/mall/vendor/eb/5d/eb5d88989288552bf7960ed06a80f59c.png,https://mall.bilibili.com/neul-next/resell/detail.html?noTitleBar=1&clusterId=10000005426
10000004386,红魔 冰刃磁轴键盘  全铝CNC精雕 客制化电竞键盘 冰刃磁轴 氘锋暗夜,¥650,¥1099,最低价仅1件,,https://i0.hdslb.com/bfs/mall/vendor/f7/3f/f73feffc6bf4787925a8500defc9882a.png,https://mall.bilibili.com/neul-next/resell/detail.html?noTitleBar=1&clusterId=10000004386
10000012144,阿米洛 有线磁轴键盘 Muse65% TTC万磁王轴 阿米洛-muse爱丽儿-有线-TTC万磁王轴,¥480,¥891,最低价仅1件,,https://i0.hdslb.com/bfs/mall/vendor/d7/b5/d7b5952c6c02f23b1f5a376a145b6e2f.png,https://mall.bilibili.com/neul-next/resell/detail.html?noTitleBar=1&clusterId=10000012144
10000009207,"华为HUAWEI WATCH FIT 4 
 悦动白",¥620,¥849,最低价仅1件,,https://i0.hdslb.com/bfs/mall/vendor/87/88/8788f757a28502f3adcb532768e86575.png,https://mall.bilibili.com/neul-next/resell/detail.html?noTitleBar=1&clusterId=10000009207
10000005268,"雷神三模游戏鼠标ML903mini 星闪 （ 带底座）
 星闪 蛇年红",¥200,¥299,最低价仅1件,,https://i0.hdslb.com/bfs/mall/vendor/74/46/7446499f998d744987473f04e98baaef.png,https://mall.bilibili.com/neul-next/resell/detail.html?noTitleBar=1&clusterId=10000005268
10000011741,SKG 腰部按摩仪 K3系列2代时尚款 米白色 时尚款 米白色,¥349,¥399,最低价仅1件,,https://i0.hdslb.com/bfs/mall/vendor/57/8b/578b02bc607f017ec1ea56c386cff1af.png,https://mall.bilibili.com/neul-next/resell/detail.html?noTitleBar=1&clusterId=10000011741
10000004042,"雷蛇（Razer）2026 灵刃18 游戏本笔记本电脑
 U9/5090/64GB/2TB",¥41500,¥47999,最低价仅1件,,https://i0.hdslb.com/bfs/mall/vendor/dc/54/dc54cabbf6c7045fdfad4f8a303e4222.png,https://mall.bilibili.com/neul-next/resell/detail.html?noTitleBar=1&clusterId=10000004042
10000011234,"小米（MI）Redmi Buds 7S 半入耳主动降噪 蓝牙耳机
 浅湖青",¥140,¥199,最低价仅1件,,https://i0.hdslb.com/bfs/mall/vendor/57/3b/573b727d6e3831bb2f67b6df19c80062.png,https://mall.bilibili.com/neul-next/resell/detail.html?noTitleBar=1&clusterId=10000011234
10000012640,"摩飞多功能早餐机MR9086
 清新绿",¥250,¥459,最低价仅2件,,https://i0.hdslb.com/bfs/mall/vendor/fe/d2/fed2fa9f9257d824b2b54c70298108b0.png,https://mall.bilibili.com/neul-next/resell/detail.html?noTitleBar=1&clusterId=10000012640
10000009632,米家自动洗手机1s套装    白色,¥74.88,¥99,最低价仅1件,,https://i0.hdslb.com/bfs/mall/vendor/cf/4c/cf4cd736067057983faf4f4f91931ae7.png,https://mall.bilibili.com/neul-next/resell/detail.html?noTitleBar=1&clusterId=10000009632
10000003050,拓竹 P2S 3D打印机器大尺寸FDM家用桌面打印机高精度高速AI监测外吸气冷却烘干 P2S单机,¥2899,¥3699,最低价仅1件,,https://i0.hdslb.com/bfs/mall/vendor/9c/af/9caf2defed2d4c242a6a95daae46a7c4.png,https://mall.bilibili.com/neul-next/resell/detail.html?noTitleBar=1&clusterId=10000003050
10000006895,"HUAWEI Mate 80 RS 非凡大师 ULTIMATE DESIGN
 20GB+512GB 玄黑",¥9700,¥11999,最低价仅1件,,https://i0.hdslb.com/bfs/mall/vendor/03/a6/03a66a8eb1ed65f526856800865bc713.png,https://mall.bilibili.com/neul-next/resell/detail.html?noTitleBar=1&clusterId=10000006895
10000012327,三星心系天下 W25 Flip 陶瓷黑 12GB+512GB,¥6999,¥7999,最低价仅1件,,https://i0.hdslb.com/bfs/mall/vendor/01/65/0165d7e1bf8008efbd0391cd96ab30eb.png,https://mall.bilibili.com/neul-next/resell/detail.html?noTitleBar=1&clusterId=10000012327
10000003611,DJI Neo 2(仅飞行器) DJI Neo 2(仅飞行器),¥1200,¥1499,最低价仅1件,,https://i0.hdslb.com/bfs/mall/vendor/18/b1/18b18b4bcf60e7aee34a7918135262cc.png,https://mall.bilibili.com/neul-next/resell/detail.html?noTitleBar=1&clusterId=10000003611
10000007859,佳明GARMIN 本能3Instinct3 心率跑步户外运动智能手表 Instinct 3 暗夜黑45mm,¥2580,¥3680,最低价仅1件,,https://i0.hdslb.com/bfs/mall/vendor/ed/c1/edc110dcd5bc5cfc514e7a6bc740f17d.png,https://mall.bilibili.com/neul-next/resell/detail.html?noTitleBar=1&clusterId=10000007859
10000011862,sanag G3S 挂耳式无线蓝牙耳机手机通话降噪跑步运动IPX4防水耳挂 G3S 晶耀蓝,¥90,¥149,最低价仅1件,,https://i0.hdslb.com/bfs/mall/vendor/b9/96/b996407f45ec33c45d15125a8246e4be.png,https://mall.bilibili.com/neul-next/resell/detail.html?noTitleBar=1&clusterId=10000011862
10000012671,影石Insta360 Ace Pro 2 运动相机 AI智能摄像机防抖摩托车骑行滑雪潜水Vlog户外钓鱼  马克·马奎斯限定款 标准版（无内存卡））,¥2890,¥3598,最低价仅1件,,https://i0.hdslb.com/bfs/mall/vendor/2f/a4/2fa48f1f4169696b77385ebe83ccc816.png,https://mall.bilibili.com/neul-next/resell/detail.html?noTitleBar=1&clusterId=10000012671
10000012631,飞利浦HX2429/01电动牙刷 白色,¥200,¥259,最低价仅1件,,https://i0.hdslb.com/bfs/mall/vendor/b9/89/b989fac91693e94c05d4385fae75f0e3.png,https://mall.bilibili.com/neul-next/resell/detail.html?noTitleBar=1&clusterId=10000012631
10000009542,"小米（MI）Redmi 蓝牙音箱 
 橙色 ",¥110,¥129,最低价仅1件,,https://i0.hdslb.com/bfs/mall/vendor/6f/7c/6f7c6558b0851528ce5771c6c1f51aa8.png,https://mall.bilibili.com/neul-next/resell/detail.html?noTitleBar=1&clusterId=10000009542
10000012558,AKKO 菜狗联名客制化机械键盘热插拔无线三模蓝牙电竞游戏办公 5108菜狗-V3 Pro奶黄轴,¥339,¥399,最低价仅1件,,https://i0.hdslb.com/bfs/mall/vendor/39/4c/394c296a6286ec80b80a050f0a31ed92.png,https://mall.bilibili.com/neul-next/resell/detail.html?noTitleBar=1&clusterId=10000012558
10000012308,漫步者（EDIFIER）X1 Evo 真无线耳机 蓝牙6.0 翻译耳机 适用苹果华为小米OPPO手机  新年礼物  奶栗,¥70,¥149,最低价仅1件,,https://i0.hdslb.com/bfs/mall/vendor/b9/70/b97082c5658e0f702c5d47686b8b28c8.png,https://mall.bilibili.com/neul-next/resell/detail.html?noTitleBar=1&clusterId=10000012308
10000009537,漫步者（EDIFIER）X2 Evo 真无线立体声蓝牙耳机 蓝牙6.0 空间音效 AI翻译 适用苹果华为小米OPPO手机 墨玉灰,¥125,¥179,最低价仅3件,,https://i0.hdslb.com/bfs/mall/vendor/9b/7b/9b7b2a56873912700d9c8263fa9a523f.png,https://mall.bilibili.com/neul-next/resell/detail.html?noTitleBar=1&clusterId=10000009537
10000009599,苏泊尔（SUPOR）除螨仪 RC-D902 RC-D902,¥157.99,¥299,最低价仅1件,,https://i0.hdslb.com/bfs/mall/vendor/ef/56/ef567c8cfb01ddfaa1cb680e6c8fed6a.png,https://mall.bilibili.com/neul-next/resell/detail.html?noTitleBar=1&clusterId=10000009599
10000012153,美的（Midea）电动牙刷 MC-AJ0101 MC-AJ0101,¥125,¥349,最低价仅1件,,https://i0.hdslb.com/bfs/mall/vendor/aa/58/aa586b036dfd5acdc4861406c085a40d.png,https://mall.bilibili.com/neul-next/resell/detail.html?noTitleBar=1&clusterId=10000012153
10000008511,OPPO Find X9 Ultra 5G新品 拍照 旗舰手机 大地苔原 12GB+256GB,¥5999,¥7499,最低价仅1件,,https://i0.hdslb.com/bfs/mall/vendor/20/df/20df430d3d6de23f7d361a285c4b9891.png,https://mall.bilibili.com/neul-next/resell/detail.html?noTitleBar=1&clusterId=10000008511
10000012152,美的（Midea）多功能电火锅 MC-HGE2520 MC-HGE2520,¥90.99,¥208,最低价仅1件,,https://i0.hdslb.com/bfs/mall/vendor/10/c6/10c6a84d7cc5d2850c9179c22e352575.png,https://mall.bilibili.com/neul-next/resell/detail.html?noTitleBar=1&clusterId=10000012152
10000010889,"雷神ZQ27F320L27寸2560*1440300HZ(OC 320HZ)升降旋转底座Fast IPS
 雷神ZQ27F320L27寸2560*144030",¥1179,¥1367,最低价仅1件,,https://i0.hdslb.com/bfs/mall/vendor/43/71/4371d32d4766f140ca59ccbdc95f5f65.png,https://mall.bilibili.com/neul-next/resell/detail.html?noTitleBar=1&clusterId=10000010889
10000007958,小米无线鼠标3彩色版  深灰,¥63.71,¥99,最低价仅1件,,https://i0.hdslb.com/bfs/mall/vendor/f7/1d/f71df5ed72802f68b2de3509be355cdc.png,https://mall.bilibili.com/neul-next/resell/detail.html?noTitleBar=1&clusterId=10000007958
10000009536,"华为手环10NFC版
 铝合金羽砂黑",¥255,¥289,最低价仅2件,,https://i0.hdslb.com/bfs/mall/vendor/9a/95/9a958c96ca34302cc54b9f9f51452042.png,https://mall.bilibili.com/neul-next/resell/detail.html?noTitleBar=1&clusterId=10000009536
10000004391,"雷蛇（Razer）2026 灵刃18 游戏本笔记本电脑
 U9/5090/64GB/2TB",¥41000,¥47999,最低价仅1件,,https://i0.hdslb.com/bfs/mall/vendor/19/41/1941ca5463a51b71e8e6a95392fa4ea6.png,https://mall.bilibili.com/neul-next/resell/detail.html?noTitleBar=1&clusterId=10000004391
10000006384,华为HUAWEI 无线鼠标 白色,¥59,¥89,最低价仅1件,,https://i0.hdslb.com/bfs/mall/vendor/57/db/57db9a9a38c94e12e73db726a18bf7be.png,https://mall.bilibili.com/neul-next/resell/detail.html?noTitleBar=1&clusterId=10000006384
10000012294,阿米洛 电竞磁轴键盘 Muse65%早樱 磁玉轴pro 阿米洛-muse早樱-有线-磁玉轴pro,¥589,¥891,最低价仅1件,,https://i0.hdslb.com/bfs/mall/vendor/b5/99/b5998fe9ffc1de73547206ac1ba53546.png,https://mall.bilibili.com/neul-next/resell/detail.html?noTitleBar=1&clusterId=10000012294
10000010425,苏泊尔（SUPOR）电热水壶家用无缝内胆大容量精准控温自动断电双层防烫低音烧水壶 1.7L 【316L不锈钢】SW-17S03F SW-17S03F,¥88,¥199,最低价仅1件,,https://i0.hdslb.com/bfs/mall/vendor/d3/9c/d39c9f74ef8cce1a254a40fd210975ce.png,https://mall.bilibili.com/neul-next/resell/detail.html?noTitleBar=1&clusterId=10000010425
10000006511,小米米家 扫拖机器人3C增强版 C103 3C增强版,¥770,¥1099,最低价仅1件,,https://i0.hdslb.com/bfs/mall/vendor/63/98/6398849e6862b89f55d03f9a2597bd91.png,https://mall.bilibili.com/neul-next/resell/detail.html?noTitleBar=1&clusterId=10000006511
10000012039,苏泊尔（SUPOR）手持挂烫机大蒸汽电熨斗家用小型吸烫GH-S100C GH-S100C,¥305,¥599,最低价仅1件,,https://i0.hdslb.com/bfs/mall/vendor/be/1a/be1ac7f14c5bfd7897cb6724b52f0a93.png,https://mall.bilibili.com/neul-next/resell/detail.html?noTitleBar=1&clusterId=10000012039
10000007411,"前行者（EWEADN）M71 RGB三模版键盘
 粉底液轻吟轴",¥210,¥299,最低价仅1件,,https://i0.hdslb.com/bfs/mall/vendor/b7/c4/b7c4023039e2390bbb0e62435eff94f1.png,https://mall.bilibili.com/neul-next/resell/detail.html?noTitleBar=1&clusterId=10000007411
10000012008,外星人（Alienware）星舰16X 游戏本 16英寸笔记本电脑 酷睿Ultra7-270HX Plus 5060显卡16G 1T 2.5K R2761QB Ultra7/5060/16G/1T ,¥14800,¥17999,最低价仅1件,,https://i0.hdslb.com/bfs/mall/vendor/c9/fd/c9fdb8356f511ffe9b716f19c7a568ac.png,https://mall.bilibili.com/neul-next/resell/detail.html?noTitleBar=1&clusterId=10000012008
10000008107,外星人（Alienware）AW510K 有线键盘 矮红轴/全键/白色,¥575,¥1219,最低价仅1件,,https://i0.hdslb.com/bfs/mall/vendor/63/0b/630b6bf8ab13607e47d8607bfc44b7e7.png,https://mall.bilibili.com/neul-next/resell/detail.html?noTitleBar=1&clusterId=10000008107
10000012318,"Apple AirPods 4/搭配USB-C充电盒

 标准版",¥830,¥999,最低价仅2件,,https://i0.hdslb.com/bfs/mall/vendor/15/62/15622d55c1c2357432dc04a1f394134f.png,https://mall.bilibili.com/neul-next/resell/detail.html?noTitleBar=1&clusterId=10000012318
10000005731,FEELALL 星空旋律 鼠标垫+FEELALL 夏日恋曲 亚克力手机支架+FEELALL 星空旋律 软胶挂件 第二批 月咏款鼠标垫+挂件&亚季款支架,¥39,¥85,最低价仅1件,,https://i0.hdslb.com/bfs/mall/mall/05/53/055319568fd0743cd98caba21a7c191c.png,https://mall.bilibili.com/neul-next/resell/detail.html?noTitleBar=1&clusterId=10000005731
10000006991,华为儿童手表 5 仲夏紫,¥508.93,¥698,最低价仅1件,,https://i0.hdslb.com/bfs/mall/vendor/53/bb/53bbc39e89f8ddb347096ae451b6a5fa.png,https://mall.bilibili.com/neul-next/resell/detail.html?noTitleBar=1&clusterId=10000006991
10000000232,sanag C16S 耳挂式无线蓝牙运动耳机开放式气传导 C16S 黑色,¥129,,最低价仅1件,,https://i0.hdslb.com/bfs/mall/vendor/a1/2f/a12f8992856265647e0af7f00f6fb70b.png,https://mall.bilibili.com/neul-next/resell/detail.html?noTitleBar=1&clusterId=10000000232
10000012665,CHERRY 精灵宝可梦 MW5180鼠标 粉色,¥119,,最低价仅1件,,https://i0.hdslb.com/bfs/mall/vendor/bf/bb/bfbb3b3a6db6416b31cc21c67931eda4.png,https://mall.bilibili.com/neul-next/resell/detail.html?noTitleBar=1&clusterId=10000012665
10000012009,摩飞电器多功能破壁豆浆机MR8200标配 MR8200,¥303,¥484,最低价仅1件,,https://i0.hdslb.com/bfs/mall/vendor/a1/d8/a1d879f9eb093dc19653dc2eb5ce45d3.png,https://mall.bilibili.com/neul-next/resell/detail.html?noTitleBar=1&clusterId=10000012009
10000007008,雷蛇（Razer）小蜘蛛 黑寡妇蜘蛛X竞技版背光款 黑色,¥320,¥379,最低价仅2件,,https://i0.hdslb.com/bfs/mall/vendor/52/c8/52c8f166b343314ed9cb27d1f2f490e1.png,https://mall.bilibili.com/neul-next/resell/detail.html?noTitleBar=1&clusterId=10000007008
10000012417,Apple Mac mini (M6 芯片) 12+12核/16G+256G/2.5Gb 网口,¥5970,¥6999,最低价仅1件,,https://i0.hdslb.com/bfs/mall/vendor/be/f1/bef1b044e0b1d38917e09583beee7e1a.png,https://mall.bilibili.com/neul-next/resell/detail.html?noTitleBar=1&clusterId=10000012417
10000011887,影石Insta360 Ace Pro 2 广角运动相机 双电池 黑色 无内存卡 Ace Pro 2 标准套装 双电池（黑色 无内存,¥2778,¥2798,最低价仅1件,,https://i0.hdslb.com/bfs/mall/vendor/27/1b/271b1cfeb50a53dbe624182f2160cd78.png,https://mall.bilibili.com/neul-next/resell/detail.html?noTitleBar=1&clusterId=10000011887
10000004051,Razer 雷蛇 新世纪福音战士 EVA 二号机联名 北海巨妖V4三模无线耳机 新世界福音战士二号机联名款耳机,¥1178,¥1499,最低价仅1件,,https://i0.hdslb.com/bfs/mall/vendor/c1/c3/c1c337da0631ea07a23280adcc44506b.png,https://mall.bilibili.com/neul-next/resell/detail.html?noTitleBar=1&clusterId=10000004051
10000007758,飞利浦HX5070电动牙刷 HX5070/01 量子黑,¥166,¥279,最低价仅1件,,https://i0.hdslb.com/bfs/mall/vendor/5a/88/5a88682dee60f7fa98fcfc731fc3c8bb.png,https://mall.bilibili.com/neul-next/resell/detail.html?noTitleBar=1&clusterId=10000007758
10000012229,阿米洛 有线磁轴键盘 Muse65% TTC万磁王轴 阿米洛-muse山巅-有线-TTC万磁王轴,¥688,¥859,最低价仅1件,,https://i0.hdslb.com/bfs/mall/vendor/25/8b/258b56c362d170e301b6201be44e4a9d.png,https://mall.bilibili.com/neul-next/resell/detail.html?noTitleBar=1&clusterId=10000012229
10000011282,"摩飞电火锅MR6112
 MR6112",¥133.98,¥399,最低价仅1件,,https://i0.hdslb.com/bfs/mall/vendor/1f/d3/1fd3c7cc3738ec3c30cb04c1d045bfee.png,https://mall.bilibili.com/neul-next/resell/detail.html?noTitleBar=1&clusterId=10000011282
10000009213,MelGeek 积木键盘 客制化 机械键盘 三模链接 Pixel积木键盘 热插拔Gasket 凯华轴  水晶 BOX L轴,¥550,¥999,最低价仅1件,,https://i0.hdslb.com/bfs/mall/vendor/23/15/2315d7c7f2874df9d46469ccb20b8d01.png,https://mall.bilibili.com/neul-next/resell/detail.html?noTitleBar=1&clusterId=10000009213
10000011496,摩飞电器便携榨汁机MR9802 MR9802,¥139,¥239,,,https://i0.hdslb.com/bfs/mall/vendor/d0/de/d0de85da84556452b3b0c816587834ee.png,https://mall.bilibili.com/neul-next/resell/detail.html?noTitleBar=1&clusterId=10000011496
10000004863,BEMOE M-X系列 新世纪福音战士2233联名款蓝牙耳机 金属材质 ENC降噪 液态银,¥279.99,¥349,最低价仅1件,,https://i0.hdslb.com/bfs/mall/mall/8e/f4/8ef4dc39762a62aeaa054f15b29cccbf.png,https://mall.bilibili.com/neul-next/resell/detail.html?noTitleBar=1&clusterId=10000004863
10000009550,华为HUAWEI 无线鼠标 无线鼠标-灰,¥65,¥99,最低价仅2件,,https://i0.hdslb.com/bfs/mall/vendor/ad/11/ad11754504ba0682519071f8f2e8f1e6.jpg,https://mall.bilibili.com/neul-next/resell/detail.html?noTitleBar=1&clusterId=10000009550
10000012228,美的（Midea）空气炸锅MF-KZE4588TQ MF-KZE4588TQ,¥208,¥399,最低价仅1件,,https://i0.hdslb.com/bfs/mall/vendor/db/74/db74720863a48fec7679ecaed4a657c5.png,https://mall.bilibili.com/neul-next/resell/detail.html?noTitleBar=1&clusterId=10000012228
10000010531,苏泊尔（SUPOR）旋焰釜远红外电饭煲 SF40Q11  SF40Q11,¥1800,¥2299,最低价仅1件,,https://i0.hdslb.com/bfs/mall/vendor/65/89/6589b0a8e561273235c5f68fa8d87b90.png,https://mall.bilibili.com/neul-next/resell/detail.html?noTitleBar=1&clusterId=10000010531
10000003975,华硕（ASUS）VG34VQL3A 战影34英寸带鱼屏曲面电竞1500R  VG34VQL3A ,¥1370,¥1799,最低价仅1件,,https://i0.hdslb.com/bfs/mall/vendor/04/54/04542ab2519fb2777a896c37e0ce77bc.png,https://mall.bilibili.com/neul-next/resell/detail.html?noTitleBar=1&clusterId=10000003975
10000006185,微星 FORGE GK320 BLUE SC 键盘 微星 FORGE GK320 BLUE SC 键盘,¥100,¥169,最低价仅2件,,https://i0.hdslb.com/bfs/mall/vendor/20/e1/20e1bfdf4045206f3e91146115cf406f.png,https://mall.bilibili.com/neul-next/resell/detail.html?noTitleBar=1&clusterId=10000006185
10000004339,华为FreeBuds-SE3无线耳机 SE3-流光金,¥120,¥199,最低价仅1件,,https://i0.hdslb.com/bfs/mall/vendor/f5/2e/f52eb1907be3a150419b28b7dc772522.png,https://mall.bilibili.com/neul-next/resell/detail.html?noTitleBar=1&clusterId=10000004339
10000011871,奕狐精灵V2无线蓝牙Switch霍尔扳机手柄手机/PC电脑steam游戏手柄 白色,¥67,¥79.9,最低价仅1件,,https://i0.hdslb.com/bfs/mall/vendor/20/f9/20f9c164067d161e07a2acea2d003cde.png,https://mall.bilibili.com/neul-next/resell/detail.html?noTitleBar=1&clusterId=10000011871
10000005131,漫步者（EDIFIER）X5 Evo真无线主动降噪蓝牙耳机 蓝牙6.0 AI翻译适用苹果华为小米OPPO手机 霜蓝,¥135,¥299,最低价仅1件,,https://i0.hdslb.com/bfs/mall/vendor/78/11/78110469a24298b789139311b4e21c2e.png,https://mall.bilibili.com/neul-next/resell/detail.html?noTitleBar=1&clusterId=10000005131
10000011692,"摩飞无雾加湿器 MR2805
 MR2805",¥198,¥499,最低价仅1件,,https://i0.hdslb.com/bfs/mall/vendor/c2/de/c2de3653f6971a5c233e4710f2adcb45.png,https://mall.bilibili.com/neul-next/resell/detail.html?noTitleBar=1&clusterId=10000011692
10000006887,Apple MacBook Pro 16 英寸(M5 Max 芯片)纳米纹理显示屏 18+32核 36G+2T 深空黑色140W充电器,¥32200,¥37124,最低价仅1件,,https://i0.hdslb.com/bfs/mall/vendor/08/c0/08c0cd7afe79395cc43ffd756ada3c1b.png,https://mall.bilibili.com/neul-next/resell/detail.html?noTitleBar=1&clusterId=10000006887
10000004387,飞智 BS1 笔记本压风式散热器 游戏本智能变频涡扇大风量 BS1 标准款,¥259,¥299,最低价仅1件,,https://i0.hdslb.com/bfs/mall/vendor/29/72/297255c5b78d3a9615e314f1c1d7700a.png,https://mall.bilibili.com/neul-next/resell/detail.html?noTitleBar=1&clusterId=10000004387
10000003905,奕狐 悟空 xbox游戏手柄pc电脑版Steamdeck蓝牙无线switch oled霍尔手机ios安卓平板rog掌机特斯拉 白悟空,¥80,¥185,最低价仅1件,,https://i0.hdslb.com/bfs/mall/vendor/90/02/900280939b24c9bc662f3731f753f067.png,https://mall.bilibili.com/neul-next/resell/detail.html?noTitleBar=1&clusterId=10000003905
10000006422,外星人Alienware m16 1996QB 16英寸高端游戏本 酷睿i9HX 64G 1T RTX4090 240Hz 外星人ALWM16-R1996QB,¥20998,¥39999,最低价仅1件,,https://i0.hdslb.com/bfs/mall/vendor/0a/a7/0aa75dace2eadf5fa5b0ca1434224816.png,https://mall.bilibili.com/neul-next/resell/detail.html?noTitleBar=1&clusterId=10000006422
10000009206,华为儿童手表 5 原野绿,¥450,¥698,最低价仅1件,,https://i0.hdslb.com/bfs/mall/vendor/bf/24/bf24158611eb22d09ac1046396eebf34.png,https://mall.bilibili.com/neul-next/resell/detail.html?noTitleBar=1&clusterId=10000009206
10000010446,"雷神JQ27F360L27寸2560*1440360Hz升降旋转底座Fast IPS
 雷神JQ27F360L27寸2560*144036",¥1399,¥1499,最低价仅1件,,https://i0.hdslb.com/bfs/mall/vendor/17/f3/17f33d7eaaf15003bc5cd46d9d1c45c8.png,https://mall.bilibili.com/neul-next/resell/detail.html?noTitleBar=1&clusterId=10000010446
10000009543,漫步者（EDIFIER）LINE FRIENDS 联名款限定耳机礼盒 Zero Air 真无线蓝牙耳机 半入耳式耳机  联名款 莎莉,¥215,¥299,最低价仅1件,,https://i0.hdslb.com/bfs/mall/vendor/c8/0a/c80ae6903be843440fc976b341043a67.png,https://mall.bilibili.com/neul-next/resell/detail.html?noTitleBar=1&clusterId=10000009543
10000011302,sanag S3Pro 耳夹式气传导无线蓝牙运动耳机智慧屏舒适佩戴手机通话防水耳挂 S3Pro 薄雾紫,¥219,¥299,最低价仅1件,,https://i0.hdslb.com/bfs/mall/vendor/60/0e/600e39e22223bc091da5d002eb94f482.png,https://mall.bilibili.com/neul-next/resell/detail.html?noTitleBar=1&clusterId=10000011302
10000003072,雷神 有线机械键盘 K104  琉璃 红轴 雷神 有线机械键盘 K104  琉璃 红轴,¥88,¥119,最低价仅1件,,https://i0.hdslb.com/bfs/mall/vendor/5a/7b/5a7b76a9fc9765e9544dad7fa7db7e94.png,https://mall.bilibili.com/neul-next/resell/detail.html?noTitleBar=1&clusterId=10000003072
10000010831,AKKO 5087 V5美乐蒂联名机械键盘无线蓝牙三模客制化电竞办公键盘 美乐蒂三模机械键盘-钢琴轴,¥195,¥319,最低价仅1件,,https://i0.hdslb.com/bfs/mall/vendor/5e/b2/5eb2184c8b3cb1396edb7f435c01a065.png,https://mall.bilibili.com/neul-next/resell/detail.html?noTitleBar=1&clusterId=10000010831
10000007262,大疆 Osmo Action 6 标准套装 大疆Osmo Action 6 标准套装,¥2900,¥2998,最低价仅1件,,https://i0.hdslb.com/bfs/mall/vendor/26/6a/266a6a1a8f6fd32c998a18e52c4afa24.png,https://mall.bilibili.com/neul-next/resell/detail.html?noTitleBar=1&clusterId=10000007262
10000006219,雷蛇（Razer）眼镜蛇专业版游戏电竞鼠标 自定义宏双手通用 适合LOL吃鸡FPS（三模连接长无线续） 眼镜蛇专业版 黑色,¥620,¥799,最低价仅2件,,https://i0.hdslb.com/bfs/mall/vendor/6f/6f/6f6f14434f553d33fed6da800f982a19.png,https://mall.bilibili.com/neul-next/resell/detail.html?noTitleBar=1&clusterId=10000006219
10000012690,苹果Apple iPad Air 13 英寸 M4芯片 2026年新款 无线局域网机型 平板电脑 13 英寸 无线局域网机型 128GB 紫色,¥6800,¥7699,最低价仅1件,,https://i0.hdslb.com/bfs/mall/vendor/54/55/5455cbe72fa0dcd9cca0176ebb47f6cf.png,https://mall.bilibili.com/neul-next/resell/detail.html?noTitleBar=1&clusterId=10000012690
10000008955,奕狐 狩猎switchpro手柄 连发ns 蓝牙无线pc电脑 steamdeck游戏手机ios原神 SE3906,¥65,¥129,最低价仅1件,,https://i0.hdslb.com/bfs/mall/vendor/84/2b/842b3aad95f6462e8e5e7c999c518db4.png,https://mall.bilibili.com/neul-next/resell/detail.html?noTitleBar=1&clusterId=10000008955
10000012380,Apple/苹果 AirPods Max 2 （2026款） 午夜色,¥3466,¥3999,最低价仅1件,,https://i0.hdslb.com/bfs/mall/vendor/df/12/df12472540daa1dfb690dca23ba8a46f.png,https://mall.bilibili.com/neul-next/resell/detail.html?noTitleBar=1&clusterId=10000012380
10000005352,图拉斯 小冰块 苹果充电器套装 35W+1.68米双C线 CQ5 白色,¥90,¥188,最低价仅1件,,https://i0.hdslb.com/bfs/mall/vendor/65/ea/65ead81b23379c4138b86de933911203.png,https://mall.bilibili.com/neul-next/resell/detail.html?noTitleBar=1&clusterId=10000005352
10000010384,"漫步者花再HaloSpace头戴式电竞主动降噪蓝牙耳机双金标认证三模连接空间音频耳麦适用游戏音乐
 破晓白",¥620,¥899,最低价仅1件,,https://i0.hdslb.com/bfs/mall/vendor/72/a3/72a326d68d4435037bf3d5906632841b.png,https://mall.bilibili.com/neul-next/resell/detail.html?noTitleBar=1&clusterId=10000010384
10000003434,SKG 卷发器 C3系列1代 藏青铜色,¥200,¥399,最低价仅1件,,https://i0.hdslb.com/bfs/mall/vendor/97/31/973188737e2b8bc4cf1a1c2dacaabd9a.png,https://mall.bilibili.com/neul-next/resell/detail.html?noTitleBar=1&clusterId=10000003434
10000012098,任天堂（Nintendo）Alarmo闹钟  海外版,¥700,¥949,最低价仅1件,,https://i0.hdslb.com/bfs/mall/vendor/9d/64/9d641780d58b83403f62985427bf7311.png,https://mall.bilibili.com/neul-next/resell/detail.html?noTitleBar=1&clusterId=10000012098
10000009062,富士（FUJIFILM）Instax mini99 立拍立得相机 mini99,¥1167.79,¥1599,最低价仅1件,,https://i0.hdslb.com/bfs/mall/mall/d7/b9/d7b921b8f5738a4ab87f0d64d41838a7.png,https://mall.bilibili.com/neul-next/resell/detail.html?noTitleBar=1&clusterId=10000009062
10000012315,美的（Midea） 电吹风家用大功率吹风筒便携恒温护发 AJ0601 MB-AJ0601,¥178,¥299,最低价仅1件,,https://i0.hdslb.com/bfs/mall/vendor/d9/d3/d9d3f95f78c2ad478bf219b9b66555da.png,https://mall.bilibili.com/neul-next/resell/detail.html?noTitleBar=1&clusterId=10000012315
10000011241,SKG 健腹腰带 G3系列1代 米黄色 豪华款 米黄色 豪华款,¥289,¥499,最低价仅1件,,https://i0.hdslb.com/bfs/mall/vendor/16/52/165284dc04612bdf1cb0253eacd1d6ea.png,https://mall.bilibili.com/neul-next/resell/detail.html?noTitleBar=1&clusterId=10000011241
10000012363,美的（Midea）养生壶 MK-GE1711 MK-GE1711,¥159,¥299,最低价仅3件,,https://i0.hdslb.com/bfs/mall/vendor/16/66/1666cc9d7470c48288976d7d2f907d1b.png,https://mall.bilibili.com/neul-next/resell/detail.html?noTitleBar=1&clusterId=10000012363
10000011802,"华为Sound Joy 2智能版
 曜石黑",¥650,¥1199,最低价仅1件,,https://i0.hdslb.com/bfs/mall/vendor/23/e4/23e4b423e951e5107b77fe48c787209c.png,https://mall.bilibili.com/neul-next/resell/detail.html?noTitleBar=1&clusterId=10000011802
10000011880,影石Insta360 LINK2C 摄像头 主机版 标准套装 石墨黑/灵动白 LINK2C 摄像头 主机版 标准套装 石墨黑,¥685,¥898,最低价仅1件,,https://i0.hdslb.com/bfs/mall/vendor/57/7c/577c815c02887a8a8ac32ab7d7003d6e.png,https://mall.bilibili.com/neul-next/resell/detail.html?noTitleBar=1&clusterId=10000011880
10000011770,CHERRY x 精灵宝可梦联名 MX3.0RGB彩光无线三模机械键盘皮卡丘主题 三透键帽 红轴,¥800,¥1099,最低价仅2件,,https://i0.hdslb.com/bfs/mall/vendor/ae/c9/aec94a0161cf039f1b6c7e1671eab60f.png,https://mall.bilibili.com/neul-next/resell/detail.html?noTitleBar=1&clusterId=10000011770
10000009823,幻16 Air 2026 GU606AM386-0ECIXHB8X20 5060 日蚀灰 Intel Core Ultra 9 386HRT,¥22599,¥23999,最低价仅1件,,https://i0.hdslb.com/bfs/mall/mall/12/ba/12ba9a39a6bae278ccf2b1248ea68d8d.png,https://mall.bilibili.com/neul-next/resell/detail.html?noTitleBar=1&clusterId=10000009823
10000010088,"外星人（Alienware）AW725H 游戏耳机 蓝牙无线游戏电竞耳机头戴式耳麦三模连接智能降噪长续航 杜比全景声外设 
 黑色",¥1050,¥1499,最低价仅1件,,https://i0.hdslb.com/bfs/mall/vendor/6d/ca/6dca361d57692c55693ab7fcbc843a19.png,https://mall.bilibili.com/neul-next/resell/detail.html?noTitleBar=1&clusterId=10000010088
10000012633,CHERRY 樱桃 DW2380无线办公键鼠套装  白色,¥99,¥159,最低价仅1件,,https://i0.hdslb.com/bfs/mall/vendor/c5/0c/c50c6edb079ebaa910fd35e1769a79ac.png,https://mall.bilibili.com/neul-next/resell/detail.html?noTitleBar=1&clusterId=10000012633
10000009541,"小米（MI）Redmi 蓝牙音箱 
 绿色",¥110,¥129,最低价仅1件,,https://i0.hdslb.com/bfs/mall/vendor/3d/a2/3da2d93966390b91ba2e091347a24a8a.png,https://mall.bilibili.com/neul-next/resell/detail.html?noTitleBar=1&clusterId=10000009541
10000012464,阿米洛 有线磁轴键盘 Muse65% TTC万磁王轴 阿米洛-muse极光-有线-TTC万磁王轴,¥699,¥828,最低价仅1件,,https://i0.hdslb.com/bfs/mall/vendor/7e/68/7e68d34ab235103b5a8a8ce13629c78a.png,https://mall.bilibili.com/neul-next/resell/detail.html?noTitleBar=1&clusterId=10000012464
10000011748,sanag Z50SPro 气传导耳夹式真无线蓝牙5.3运动耳机不入耳小米华为苹果手机通用高解析耳挂 Z50SPro 银河黑,¥159,¥229,最低价仅1件,,https://i0.hdslb.com/bfs/mall/vendor/4d/f2/4df2ecfa780f3fadabac1c467e278125.png,https://mall.bilibili.com/neul-next/resell/detail.html?noTitleBar=1&clusterId=10000011748
10000006504,DJI Osmo Mobile 7 手机稳定器 DJI Osmo Mobile 7 手机稳定器,¥460,¥549,最低价仅1件,,https://i0.hdslb.com/bfs/mall/vendor/fe/86/fe86e5e868d3d88637789799f6657460.png,https://mall.bilibili.com/neul-next/resell/detail.html?noTitleBar=1&clusterId=10000006504
10000008377,ROG玩家国度 影刃2 游戏有线鼠标 ROG影刃2 黑色,¥200,¥269,最低价仅2件,,https://i0.hdslb.com/bfs/mall/mall/bf/cd/bfcd4d4b1cad29b37ba28bd4760b89d0.png,https://mall.bilibili.com/neul-next/resell/detail.html?noTitleBar=1&clusterId=10000008377
10000000134,黑爵（AJAZZ）AK980MAXV2磁轴有线磁轴97键低延迟RT0.01无畏契约电竞游戏办公通用热插拔0死区 AK980 MAX V2 喵喵磁轴 侧刻黑 8K,¥188,¥249,最低价仅1件,,https://i0.hdslb.com/bfs/mall/vendor/18/c3/18c32d0334908ecc79d5ff05241b2210.png,https://mall.bilibili.com/neul-next/resell/detail.html?noTitleBar=1&clusterId=10000000134
10000006769,"华为HUAWEI WATCH FIT 4 
 韵律黑",¥788,¥849,最低价仅1件,,https://i0.hdslb.com/bfs/mall/vendor/26/c1/26c10db5942ded7a61082f7b2206f787.png,https://mall.bilibili.com/neul-next/resell/detail.html?noTitleBar=1&clusterId=10000006769
10000011691,宇树 Unitree Go2 智能仿生陪伴机器人 四足机器狗 GO2-AIR,¥7400,¥9997,最低价仅1件,,https://i0.hdslb.com/bfs/mall/vendor/c6/5a/c65acee6e2ac5eb7f6b039d218ad2015.png,https://mall.bilibili.com/neul-next/resell/detail.html?noTitleBar=1&clusterId=10000011691
10000005290,机械师（MACHENIKE）G7轻量化电竞鼠标 黑白,¥75,¥99,最低价仅2件,,https://i0.hdslb.com/bfs/mall/vendor/70/69/70692493a6179e07981470e5f7e0b95c.png,https://mall.bilibili.com/neul-next/resell/detail.html?noTitleBar=1&clusterId=10000005290
10000012252, 影石Insta360  Flow 2 PRO 手机稳定器flow手持云台智能跟拍防抖自拍杆三脚架便携可折叠美颜神 Flow 2 Pro手持云台 标准套装遐想灰,¥558,¥999,最低价仅2件,,https://i0.hdslb.com/bfs/mall/vendor/5c/dd/5cdd17600cfc72c58ab04cb0c268d3a8.png,https://mall.bilibili.com/neul-next/resell/detail.html?noTitleBar=1&clusterId=10000012252
10000012182,红魔电竞无线鼠标 原相3395传感器 三模连接 黑曼巴微动技术 魔光互联 75g轻量化设计 透明设计 RGB炫彩灯效 电竞鼠标GS001S 氘峰透明 GS001S,¥458,¥599,最低价仅1件,,https://i0.hdslb.com/bfs/mall/vendor/df/78/df783a01a9c975ebe66560a92454e890.png,https://mall.bilibili.com/neul-next/resell/detail.html?noTitleBar=1&clusterId=10000012182
10000005104,DJI Flip（普通遥控器） DJI Flip（普通遥控器）,¥1688,¥2788,最低价仅1件,,https://i0.hdslb.com/bfs/mall/vendor/b6/27/b6277bfe4a9261e18fec5fac4a50c9c7.png,https://mall.bilibili.com/neul-next/resell/detail.html?noTitleBar=1&clusterId=10000005104
10000009980,sanag G50S 开放式气传导无线蓝牙运动耳机蝰蛇音效不入耳跑步耳挂手机通话降噪定位防丢 G50S 竹月白,¥140,¥299,最低价仅1件,,https://i0.hdslb.com/bfs/mall/vendor/6f/ae/6fae9371ccae531ffc9fd52d0acba925.png,https://mall.bilibili.com/neul-next/resell/detail.html?noTitleBar=1&clusterId=10000009980
10000011316,索尼（SONY）WH-CH520 压耳式无线蓝牙耳机 白色,¥220,¥499,最低价仅1件,,https://i0.hdslb.com/bfs/mall/vendor/cf/89/cf89b8ef29aeaffb0354c8b8b8516828.png,https://mall.bilibili.com/neul-next/resell/detail.html?noTitleBar=1&clusterId=10000011316
10000001992,漫步者（EDIFIER）【26年新品】Lolli5 ANC 真无线降噪蓝牙耳机 大圆屏耳机 翻译耳机 落日橙,¥499,¥799,最低价仅1件,,https://i0.hdslb.com/bfs/mall/vendor/7f/89/7f891e8da77db8b57736ee9d77125ca8.png,https://mall.bilibili.com/neul-next/resell/detail.html?noTitleBar=1&clusterId=10000001992
10000008906, 达尔优 EM910pro无线鼠标 有线无线2.4G 双模轻量化游戏电竞机械鼠标办公宏编程网吧CF外设 釉下青,¥109,¥159,最低价仅1件,,https://i0.hdslb.com/bfs/mall/vendor/9e/76/9e7629b899e06983175c9b40add05bd2.png,https://mall.bilibili.com/neul-next/resell/detail.html?noTitleBar=1&clusterId=10000008906
10000007006,象鼻子 X EVA新世纪福音战士 渚薰 无线蓝牙耳机 E-02.06 低延迟 通话降噪 E-02.06,¥95,¥139,最低价仅1件,,https://i0.hdslb.com/bfs/mall/vendor/ff/f2/fff2a9063b88fa46851cf350c66b0168.png,https://mall.bilibili.com/neul-next/resell/detail.html?noTitleBar=1&clusterId=10000007006
10000009538,前行者Tank68磁轴机械键盘铝坨坨客制化低延迟电竞游戏专用磁境轴有线ARGB黑色等高线Pro 前行者TANK68磁境轴有线ARGB黑色等高线Pr,¥245,¥359,最低价仅3件,,https://i0.hdslb.com/bfs/mall/mall/24/b8/24b8405c891b03c343d1f9fbb7b66397.png,https://mall.bilibili.com/neul-next/resell/detail.html?noTitleBar=1&clusterId=10000009538
10000012140,美的（Midea）吹风机 MB-AJ0502 MB-AJ0502,¥138,¥249,最低价仅1件,,https://i0.hdslb.com/bfs/mall/vendor/b9/83/b98385e2f92457e504967b9076b62848.png,https://mall.bilibili.com/neul-next/resell/detail.html?noTitleBar=1&clusterId=10000012140
10000012467,奕狐 狩猎switchpro手柄 连发ns 蓝牙无线pc电脑 steamdeck游戏手机ios原神 SE3905,¥100,¥129,最低价仅1件,,https://i0.hdslb.com/bfs/mall/vendor/2c/41/2c41b188a194dc6880efffffb918bd50.png,https://mall.bilibili.com/neul-next/resell/detail.html?noTitleBar=1&clusterId=10000012467
10000004483,JAKKSPACIFIC 任天堂马力欧电影版2.5寸公仔 2.5寸猫马力欧公仔,¥28,¥76,最低价仅1件,,https://i0.hdslb.com/bfs/mall/vendor/2e/66/2e6684b3b0c7393dd50dccb184cc1eff.png,https://mall.bilibili.com/neul-next/resell/detail.html?noTitleBar=1&clusterId=10000004483
10000008436,机械师M7二代毒液无线鼠标 充电长续航 M721-黑色,¥68,¥149,最低价仅1件,,https://i0.hdslb.com/bfs/mall/vendor/f8/24/f8249229e01f2849f3727c3b19e1d7ff.png,https://mall.bilibili.com/neul-next/resell/detail.html?noTitleBar=1&clusterId=10000008436
10000010037,金士顿（Kingston） FURY  DDR4 3200/3600 台式机内存条 Beast野兽系列 骇客神条 8GB D4 3200 野兽 电竞游戏款,¥380,¥449,最低价仅1件,,https://i0.hdslb.com/bfs/mall/vendor/d0/7e/d07e1aceb11bba955d969cd9a620c3e5.png,https://mall.bilibili.com/neul-next/resell/detail.html?noTitleBar=1&clusterId=10000010037
10000010274,苏泊尔（SUPOR）速热挂烫机 GH-300C GH-300C,¥155,¥299,最低价仅1件,,https://i0.hdslb.com/bfs/mall/vendor/91/13/91137bd07d09cd88a7fe862819b8e6e4.png,https://mall.bilibili.com/neul-next/resell/detail.html?noTitleBar=1&clusterId=10000010274
10000011576,Apple Studio Display 纳米纹理玻璃面板 可调倾斜度的支架 纳米纹理玻璃面板 可调倾斜度的支架,¥12000,¥14499,最低价仅1件,,https://i0.hdslb.com/bfs/mall/vendor/55/d8/55d8bdce306649b49c283fae74f44c27.png,https://mall.bilibili.com/neul-next/resell/detail.html?noTitleBar=1&clusterId=10000011576
10000010034,"YAMAHA 雅马哈 孤独摇滚联名电吉他 pac112v- ub 联合蓝
 孤独摇滚联名电吉他 pac112v- ub 联合蓝",¥3300,¥3984,最低价仅1件,,https://i0.hdslb.com/bfs/mall/vendor/ed/05/ed0513046f26c887195bebe2e1c2a892.png,https://mall.bilibili.com/neul-next/resell/detail.html?noTitleBar=1&clusterId=10000010034
10000012669,"外星人（Alienware）AW Pro游戏耳机 电竞耳机 石墨烯驱动三模连接头戴式电竞耳麦有线无线蓝牙智能降噪 
 黑色",¥1188,¥1999,最低价仅1件,,https://i0.hdslb.com/bfs/mall/vendor/63/f7/63f7bbacae2b2c3037017e1b0dd7ae24.png,https://mall.bilibili.com/neul-next/resell/detail.html?noTitleBar=1&clusterId=10000012669
10000011502,LOFREE 小浪蓝牙机械键盘 白色,¥400,¥599,最低价仅1件,,https://i0.hdslb.com/bfs/mall/vendor/52/20/5220d80196289fa2e741fd6b81120ea0.png,https://mall.bilibili.com/neul-next/resell/detail.html?noTitleBar=1&clusterId=10000011502
10000012077,HUAWEI MatePad Pro Max 标准版  12GB+256GB 皓月银,¥5600,¥6199,最低价仅1件,,https://i0.hdslb.com/bfs/mall/vendor/bc/ba/bcba2baef4c8cc65bb9a489b7a1645d8.png,https://mall.bilibili.com/neul-next/resell/detail.html?noTitleBar=1&clusterId=10000012077
10000009205,sanag Z51SPro 气传导无线蓝牙运动耳机高解析音质小米华为苹果手机通用舒适耳夹 Z51SPro 黑色,¥200,¥289,最低价仅1件,,https://i0.hdslb.com/bfs/mall/vendor/88/1f/881f14e86c8f087b4edf089c7b1252b5.png,https://mall.bilibili.com/neul-next/resell/detail.html?noTitleBar=1&clusterId=10000009205
10000012001,影石Insta360 LINK2C 摄像头 主机版 标准套装 石墨黑/灵动白 LINK2C 摄像头 主机版 标准套装 灵动白,¥710,¥898,最低价仅3件,,https://i0.hdslb.com/bfs/mall/vendor/e5/bb/e5bbbc5857348d1a1e962f8b9e6fa776.png,https://mall.bilibili.com/neul-next/resell/detail.html?noTitleBar=1&clusterId=10000012001
10000010837,华为路由器AX3 华为路由器AX3,¥133,¥159,最低价仅1件,,https://i0.hdslb.com/bfs/mall/vendor/d2/74/d27445e69ec6cc45edd803b5cec26458.png,https://mall.bilibili.com/neul-next/resell/detail.html?noTitleBar=1&clusterId=10000010837
10000010992,雷神银翼有线游戏耳机HG503 HG503,¥99,¥179,最低价仅1件,,https://i0.hdslb.com/bfs/mall/vendor/67/b4/67b40155ba3ec88efae17b588709c7bc.png,https://mall.bilibili.com/neul-next/resell/detail.html?noTitleBar=1&clusterId=10000010992
10000008940,"金百达（KINGBANK）KP320 SSD
 128G",¥189,,最低价仅1件,,https://i0.hdslb.com/bfs/mall/vendor/0e/78/0e78f24419a9f44911ddc8090ba9f06a.png,https://mall.bilibili.com/neul-next/resell/detail.html?noTitleBar=1&clusterId=10000008940
10000011364,enabot家庭机器人ROLA Mini 移动宠物监控摄像头机器人 ROLA Mini【32G内存】,¥840,¥969,最低价仅1件,,https://i0.hdslb.com/bfs/mall/vendor/27/3e/273ef1427498c00191afadffc0734d1c.png,https://mall.bilibili.com/neul-next/resell/detail.html?noTitleBar=1&clusterId=10000011364
10000012421,外星人（Alienware）AW520H游戏耳机 白,¥500,¥559,最低价仅1件,,https://i0.hdslb.com/bfs/mall/vendor/02/86/0286763969cc01260324805fd8d41713.png,https://mall.bilibili.com/neul-next/resell/detail.html?noTitleBar=1&clusterId=10000012421
10000009676,苹果Apple iPad Air 13 英寸 M4芯片 2026年新款 无线局域网机型 平板电脑 13 英寸 无线局域网机型 128GB 深空灰色,¥7699,,最低价仅1件,,https://i0.hdslb.com/bfs/mall/vendor/89/b1/89b18b1f9039c693746f9d2e4a1beb2d.png,https://mall.bilibili.com/neul-next/resell/detail.html?noTitleBar=1&clusterId=10000009676
10000006899,八位堂 明末联名手柄 明末渊虚之羽 游戏手柄 TMR摇杆双切扳机 三模无线 PC电脑steam安卓RGB灯效 八位堂 明末联名手柄,¥179.98,¥299,最低价仅1件,,https://i0.hdslb.com/bfs/mall/mall/e2/1d/e21ddc256ce324d56ed902b47ec57882.png,https://mall.bilibili.com/neul-next/resell/detail.html?noTitleBar=1&clusterId=10000006899
10000007987,米家小米空气净化器5S 家用除甲醛  5S ,¥999,¥1199,最低价仅1件,,https://i0.hdslb.com/bfs/mall/vendor/fd/a7/fda711236e2df907f30952a2d3d497a1.png,https://mall.bilibili.com/neul-next/resell/detail.html?noTitleBar=1&clusterId=10000007987
10000011790,Apple/苹果 AirPods Max 2 （2026款） 橙色,¥3899,¥3999,最低价仅1件,,https://i0.hdslb.com/bfs/mall/vendor/ca/c1/cac126e3640a1a8f54a46a4f7b710024.png,https://mall.bilibili.com/neul-next/resell/detail.html?noTitleBar=1&clusterId=10000011790
10000011494,SONGX ✖ VSINGER洛天依三合一充电宝3C认证可上飞机移动电源10000mAh大容量LED数字显示双线双向快充可磁吸适用苹果17小米华为安卓可折叠插脚挂绳式数据线超薄便携 复古未来紫,¥119,¥199,最低价仅2件,,https://i0.hdslb.com/bfs/mall/vendor/a5/99/a599f0ee3eb7186872d7cdb65b866a2d.png,https://mall.bilibili.com/neul-next/resell/detail.html?noTitleBar=1&clusterId=10000011494
10000000906,FIIL CC Pro 2 真无线降噪蓝牙耳机  CCPro2 钛空灰,¥189,¥339,最低价仅1件,,https://i0.hdslb.com/bfs/mall/vendor/1b/17/1b1773bd863e0db6dd5d178170eaac9f.png,https://mall.bilibili.com/neul-next/resell/detail.html?noTitleBar=1&clusterId=10000000906
10000009631,"REDMI 蓝牙音箱 2
 山岚绿",¥75,¥129,最低价仅1件,,https://i0.hdslb.com/bfs/mall/vendor/54/dc/54dc0cd8273ec32c6b21764b7115afde.png,https://mall.bilibili.com/neul-next/resell/detail.html?noTitleBar=1&clusterId=10000009631
10000002547,三星Galaxy Z Fold8 12+512GB/柔薰紫,¥12888,¥14599,最低价仅1件,,https://i0.hdslb.com/bfs/mall/vendor/01/b7/01b7e271012f990eed48be004ae48a81.png,https://mall.bilibili.com/neul-next/resell/detail.html?noTitleBar=1&clusterId=10000002547
10000005763,SONGX Vsinger洛天依联名 挂耳夹耳式耳机 久戴不痛 无线蓝牙耳机 运动通话 降噪耳机 2025新款 蓝色,¥199,¥279,,,https://i0.hdslb.com/bfs/mall/mall/2a/16/2a166a5c2a242c9e3ca372ed78115a9b.png,https://mall.bilibili.com/neul-next/resell/detail.html?noTitleBar=1&clusterId=10000005763
10000003342,HUAWEI WATCH FIT 5 风信紫,¥870,¥1099,最低价仅1件,,https://i0.hdslb.com/bfs/mall/vendor/c1/e3/c1e3652f38b32850287e24c26a0aa888.png,https://mall.bilibili.com/neul-next/resell/detail.html?noTitleBar=1&clusterId=10000003342
10000009549,华为HUAWEI 无线鼠标 无线鼠标-黑,¥65,¥99,最低价仅2件,,https://i0.hdslb.com/bfs/mall/vendor/6c/a7/6ca761768c5747d1d338c6880280caac.png,https://mall.bilibili.com/neul-next/resell/detail.html?noTitleBar=1&clusterId=10000009549
10000008089,马克图布 HelloKitty惊喜礼物摆件灯 hellokitty摆件灯,¥77,¥149,最低价仅1件,,https://i0.hdslb.com/bfs/mall/vendor/b9/e2/b9e24f1fc864106e1e46b9e3982f168a.png,https://mall.bilibili.com/neul-next/resell/detail.html?noTitleBar=1&clusterId=10000008089
10000008151,红魔 电竞显示器 4K MiniLED 4K 160Hz 标准版,¥2000,¥2499,最低价仅1件,,https://i0.hdslb.com/bfs/mall/vendor/54/11/5411fac4fa656bf047c948f19347d362.png,https://mall.bilibili.com/neul-next/resell/detail.html?noTitleBar=1&clusterId=10000008151
10000010657,机械革命极光X 2026 16英寸游戏本笔记本电脑(酷睿i7-13700HX 16G 1T RTX5060 2.5K屏 180Hz 灰) i7-13700HX/16G/1T灰,¥9290,¥9999,最低价仅1件,,https://i0.hdslb.com/bfs/mall/vendor/5b/0a/5b0aed2f49936eb3ab0c46e59b976a08.png,https://mall.bilibili.com/neul-next/resell/detail.html?noTitleBar=1&clusterId=10000010657
10000012695,任天堂 Nintendo Switch HORI NSW-235C 首发限量版铝盒收纳包（红） 铝盒收纳包,¥150,¥188,最低价仅1件,,https://i0.hdslb.com/bfs/mall/mall/c7/69/c769bd4c12ec818a7aa445a2bfc66128.png,https://mall.bilibili.com/neul-next/resell/detail.html?noTitleBar=1&clusterId=10000012695
10000007711,佳明GARMIN 本能3Instinct3 心率跑步户外运动智能手表 Instinct 3 石墨灰50mm,¥3100,¥3980,最低价仅1件,,https://i0.hdslb.com/bfs/mall/vendor/45/b7/45b70ff7eec28d0124525003a8dbe8ee.png,https://mall.bilibili.com/neul-next/resell/detail.html?noTitleBar=1&clusterId=10000007711
10000007773,三星Galaxy Buds3 颜色：流沙白,¥700,¥999,最低价仅1件,,https://i0.hdslb.com/bfs/mall/vendor/be/7b/be7bba4de0d31b7877aaf1279aad4d78.png,https://mall.bilibili.com/neul-next/resell/detail.html?noTitleBar=1&clusterId=10000007773
10000011807,Apple AirPods 4 无线蓝牙耳机 普通版,¥699.99,¥999,最低价仅1件,,https://i0.hdslb.com/bfs/mall/vendor/62/e4/62e47c6e50eaf672d28aff3e05416e30.png,https://mall.bilibili.com/neul-next/resell/detail.html?noTitleBar=1&clusterId=10000011807
10000005377,"REDMI 蓝牙音箱 2
 雾哑黑",¥72,¥129,最低价仅1件,,https://i0.hdslb.com/bfs/mall/vendor/70/d9/70d9dcf06020ed94d3b2c61010b1ae5b.png,https://mall.bilibili.com/neul-next/resell/detail.html?noTitleBar=1&clusterId=10000005377
10000007277,金士顿（Kingston）8GB DDR4 3200 台式机内存条 8GB,¥450,¥459,最低价仅1件,,https://i0.hdslb.com/bfs/mall/vendor/ca/f3/caf3e9ea940a57431f044cab258292e1.png,https://mall.bilibili.com/neul-next/resell/detail.html?noTitleBar=1&clusterId=10000007277
10000012382,ROG x 初音未来 键盘音乐盒 ROG x 初音未来 键盘音乐盒,¥179,¥259,最低价仅1件,,https://i0.hdslb.com/bfs/mall/mall/37/d2/37d2dceafdcadd99e8a262a1fc29a840.png,https://mall.bilibili.com/neul-next/resell/detail.html?noTitleBar=1&clusterId=10000012382
